    	"Libellé du bassin"|"Code du Bassin"|"Nom de la région"|"Numéro département"|"Direction du service gestionnaire"|"Service gestionnaire de l'agglo"|"Code SANDRE de l'agglomération"|"Nom de l'agglomération"|"Nom de la commune principale"|"Code INSEE commune principale"|"Etat de agglomération en 2024"|"Année de création"|" Nombre de communes"|"Nombre de STEU"|"Nombre de STEU en service"|"Taille agglomération (EH)"|"Tranche obligation"|"Maximum de la somme des pollutions entrantes (EH)"|"Somme des capacités nominales (EH)"|"Conformité  agglo equipement réglementaire"|"Conformité agglo perf réglementaire"|"Conformité collecte réglementaire agglo"|"Conformité agglo globale réglementaire"|"Date de mise à jour agglo"|"Type de réseau majoritaire"|" Existence de rejets par temps sec"|"Pourcentage rejet direct temps sec"|"Date mise en conformité collecte"|"Code du STEU"|"Nom du STEU"|"Nature du STEU"|"Code SANDRE nature STEU"|"Etat du STEU en 2024"|"Date de mise en service du STEU"|"Date de mise hors serv du STEU"|"Maître ouvrage"|Exploitant|"Commune implantation"|"Code INSEE commune implantation"|"Coordonnée X du STEU"|"Coordonnée Y du STEU"|"Système de projection"|"Code SANDRE système de projection"|"Latitude du STEU (WGS84)"|"Longitude du STEU (WGS84)"|"Capacité nominale en EH"|"Capacité nominale en Kg de DBO5"|"Percentile95 calculé en m3/j"|"Charge maximale entrante (EH)"|"Débit entrant en m3/j"|"Filière eau principale"|"Filière boues principale"|"Arrêté concerné régime administratif"|"Date de autorisation ou récépissé"|"Niveau traitement requis ERU : biologique"|"Date échéance du traitement requis ERU : biologique"|"Date de mise en conformité du traitement requis ERU : biologique"|"Niveau traitement requis ERU : azote"|"Date échéance du traitement requis ERU : azote"|"Date de mise en conformité du traitement requis ERU : azote"|"Niveau traitement requis ERU : phosphore"|"Date échéance du traitement requis ERU : phosphore"|"Date de mise en conformité du traitement requis ERU : phosphore"|"Conformité réglementaire équipement STEU"|"Niveau traitement existant : biologique"|"Niveau traitement existant : azote"|"Niveau traitement existant : phosphore"|"Niveau traitement existant : désinfection"|"Existence manuel autosurveillance STEU"|"Validation manuel autosurveillance STEU"|"Conformité réglementaire STEU perf DBO"|"Conformité réglementaire STEU perf DCO"|"Conformité réglementaire STEU perf NGL"|"Conformité réglementaire STEU perf PT"|"Conformité globale STEU réglementaire performances"|"Cause de non conformité"|"Prod boues sans réactif (tMS/an)"|"Durée stockage (mois)"|"Quantité réactifs utilisés (t/an)"|"Existence plan épandage règlement"|"Quantité épandage agricole (tMS/an)"|"Quantité incinérée (tMS/an)"|"Quantité Compostage «produit» (tMS/an)"|"Quantité mise en décharge (tMS/an)"|"Quantité en valorisation industrielle (tMS/an)"|"Qté envoyée sur autre STEU (tMS/an)"|"Compostage «Déchet»"|Transit|"Unité de traitement de sous-produits"|"Centre de séchage (hors STEU)"|"Unité de méthanisation"|"Date dernière modification STEU"|"Nom du milieu de rejet"|"Type du milieu du rejet"|"Nom du bassin versant"|"Coordonnée X du rejet"|"Coordonnée Y du rejet"|"Latitude du rejet (WGS84)"|"Longitude du rejet (WGS84)"|"Rejet à plus de 1500m altitude"|"Nom ZS"|"Code ZS"|"Sensibilité azote"|"Date arrêté ZS azote"|"Sensibilité phosphore"|"Date arrêté ZS phosphore"|"Code SANDRE du système de collecte"|"Nom du système de collecte"|"Code de masse eau"|"Nom de la masse eau"|"Commune raccordée"|"Percentile95 calculé en m3/j"|"Nombre d’année MAX d’évaluation du percentile95"|"Flux moyen annuel DBO5 (kg de DBO5)"|"% volume déversé (m³) sur 5 ans "|"Conf. volume déversé (m³) sur 5 ans"|"% flux déversé (kg de DBO5) sur 5 ans"|"Conf. flux déversé (kg de DBO5) sur 5 ans"|"Nb de DO avec un déversement ≥ 20 j/an"|"Conf. DO avec un déversement ≥ 20 j/an"|"Nombre d’année de mesure"|"Volume déversé temps pluie séparatif (m³)"|"temps de déversement pluie séparatif"|"Volume moyen annuel des eaux usées traitées (m³)"|"Volume de réutilisation des eaux usées traitées au A8 (m³)"|"Volume de réutilisation des eaux usées traitées par usage AGGRI (m³)"|"Volume de réutilisation des eaux usées traitées par usage ARRO (m³)"|"Volume de réutilisation des eaux usées traitées par usage GOLF (m³)"|"Volume de réutilisation des eaux usées traitées par usage INDU (m³)"|"Volume de réutilisation des eaux usées traitées par usage NAT (m³)"|"Volume de réutilisation des eaux usées traitées par usage AUTR (m³)"|"% de réutilisation des eaux usées traitées par usage aggri"|"% de réutilisation des eaux usées traitées par usage arro"|"% de réutilisation des eaux usées traitées par usage golf"|"% de réutilisation des eaux usées traitées par usage indu"|"% de réutilisation des eaux usées traitées par usage nat"|"% de réutilisation des eaux usées traitées par usage autr"|"maître d’ouvrage système de collecte"|"Adresse maitre d’ouvrage système de colecte"|"Code postal maître d’ouvrage système de collecte"|"Ville maître d’ouvrage système de collecte"|"Pays maître d’ouvrage système de collecte"|"Exploitant système de collecte"|"Adresse de l'exploitant"|"CP de l'exploitant"|"Ville de l'exploitant"|"Pays de l'exploitant"|"Conformité réglementaire rejet approprié au milieu recepteur"|"Critére temps pluie validé volume, flux ou nombre de jour de déversement (V,F,N)"|"Date de validation du critère conformité temps de pluie"|"Conformité réglementaire temps pluie (TP) de la ZGC et non du SCL"|"Conformité réglementaire temps pluie TP de la ZGC et non du SCL"|"Conformité réglementaire temps pluie (TP) du SCL"|"Conformité réglementaire STEU autres paramètres"|"Nombre de TP ≥ 120 Kg de DBO5"|"Nombre de TP < 120  Kg de DBO5"|"Conformité agglo equipement réglementaire"|"Conformité en performance agglo réglementaire"|"Conformité collecte agglo réglementaire"|"Conformité globale agglo réglementaire "|"% volume déversé (m³) sur 5 ans"|"Conf. volume déversé (m³) sur 5 ans"|"% flux déversé (kg de DBO5) sur 5 ans"|"Conf. flux déversé (kg de DBO5) sur 5 ans"|"Nb de DO avec un déversement ≥ 20 j/an "|"Conf. DO avec un déversement ≥ 20 j/an "|"Nombre d’année de mesure"|"Volume déversé temps pluie séparatif (oui/non)"|"temps de déversement pluie séparatif"
MARTINIQUE|1|MARTINIQUE|972|"DEAL de Martinique"|"SPE de la Martinique"|080000297202|ANSES-D'ARLET-ANSE-DUFOUR|"Les Anses-d'Arlet"|97202|"En activité"|2015|1|1|1|93|"[ 200 ; 2 000 [ EH"|93|450|Non|Non|N/A|Non|2025-12-02|Unitaire|"Absence de rejets directs temps sec"|0||080000297202|"LES ANSES-D'ARLET - ANSE DUFOUR"|Urbain|1|"En service"|2014-03-01||"Communauté d'Agglomération de l'Espace Sud de Martinique"|"SOCIETE MARTINIQUAISE DES EAUX"|"Les Anses-d'Arlet"|97202|705922|1606834|"UTM Nord fuseau 20"|39|14.5266495|-61.089031|450|27|17|93|10||"Epaississement statique gravitaire"|"Arrêté du 21 juillet 2015 relatif à l'assainissement des agglomérations"|2008-11-12|"Traitement approprié"|2005-12-31|2025-01-01|||||||Non|"Traitement secondaire"||||Non|"Non valide"|Non|Non|Non||Non|"Autosurveillance jugée incorrecte par AE /ODE (STEU)"|0|0|0|Non|0|0|0|0|0|0|0|2|0|0|0|2025-12-02|"REJET PRINCIPAL DE ANSES-D'ARLET-Anse-Dufour"|"Eau côtière"|"MARTINIQUE               "|||||Non|"Hors Zone Sensible"|"FR_HZS_00000  "|Non||Non||S080000297202|"Systeme de collecte - ANSES-D'ARLET-Anse-Dufour"|||"97202 : Les Anses-d'Arlet"|17|1|0.00||N/A||N/A|0|N/A|0|||9.2500|0.0000|0.0000|0.0000|0.0000|0.0000|0.0000|0.0000|0.0000|0.0000|0.0000|0.0000|0.0000|0.0000|"Communauté d'Agglomération de l'Espace Sud de Martinique"|" Lotissement Frangipanier "|97228|SAINTE-LUCE||"SOCIETE MARTINIQUAISE DES EAUX"|"   PLACE D ARMES BP 213"|97232|LAMENTIN||Non|||N/A|N/A|N/A|"1305:Matières en suspension:Non | 1449:Escherichia coli (E. coli):Non | 6455:Enterocoques:Non"|0|0|Non|Non|N/A|Non||N/A||N/A|0|N/A|0||
MARTINIQUE|1|MARTINIQUE|972|"DEAL de Martinique"|"SPE de la Martinique"|080000197203|Basse-Pointe|Basse-Pointe|97203|"En activité"|1994|1|1|1|2205|"[ 2 000 ; 10 000 [ EH"|2205|4000|Non|Non|N/A|Non|2025-12-11|Séparatif|"Absence de rejets directs temps sec"|0|2022-12-31|080000197203|"BASSE-POINTE - HACKAERT"|Urbain|1|"En service"|1994-01-01||"Communauté d'Agglomération du Pays Nord Martinique"|"SOC EAUX ET ASSAINISSEMENT"|Basse-Pointe|97203|701656|1644610|"UTM Nord fuseau 20"|39|14.8683357|-61.125695|4000|240|379|2205|295|"Boue activée aération prolongée (très faible charge)"|"Filtration à bande"|"Arrêté du 21 juillet 2015 relatif à l'assainissement des agglomérations"||"Traitement secondaire"|2005-12-31|2030-12-31|||||||Non|"Traitement secondaire"||||Non|"Non valide"|Non|Non|||Non|"Non transmission complète ou incomplète de l'autosurveillance (STEU)"|11.19|0|0|Non|0|0|7|0|0|76|0|0|4|0|0|2025-12-11|"Rejet HACKAERT"|"Estuaire (dont étang salé)"|"Océan Atlantique"|701687|1644618|14.8684057|-61.1254063|Non|"Hors Zone Sensible"|"FR_HZS_00000  "|Non||Non||080000197203|"SC du STEU : HACKAERT"|FRJC004|"Nord-Atlantique, plateau insulaire"|"97203 : Basse-Pointe"|379|1|0.00||N/A||N/A||N/A|0|||294.2500|0.0000|0.0000|0.0000|0.0000|0.0000|0.0000|0.0000|0.0000|0.0000|0.0000|0.0000|0.0000|0.0000|"Communauté d'Agglomération du Pays Nord Martinique"|" 39 Lotissement la Marie "|97225|MARIGOT||"SMDS MARTINIQ DISTR SERVICES"|"BAT F1 VILLAGE DE R.ROCHE 49 LOT ZAC DE RIVIERE ROCHE "|97200|"FORT DE FRANCE"|||||N/A|N/A|N/A|"1305:Matières en suspension:Non"|0|0|Non|Non|N/A|Non||N/A||N/A||N/A|0||
MARTINIQUE|1|MARTINIQUE|972|"DEAL de Martinique"|"SPE de la Martinique"|080000397203|"Basse-Pointe - HOTEL LEYRITZ"|Basse-Pointe|97203|"En activité"|2024|1|1|1|0|"[ 200 ; 2 000 [ EH"|0|400|Oui|Inc|Inc|Non|2025-11-19|Unitaire|"Absence de rejets directs temps sec"|0||080000397203|"BASSE-POINTE - HOTEL LEYRITZ"|Urbain|1|"En service"|2024-01-01||"LEYRITZ GESTION"||Basse-Pointe|97203|703101|1642378|"UTM Nord fuseau 20"|39|14.8480564|-61.1124448|400|24|0|0|0|||"Arrêté du 21 juillet 2015 relatif à l'assainissement des agglomérations"||"Traitement approprié"|2005-12-31||||||||Oui|||||Non|"Non valide"|Inc|Inc|||Inc||0|0|0|Non|0|0|0|0|0|0|0|0|0|0|0|2025-11-19|"REJET PRINCIPAL DE Basse-Pointe"|"Eau douce de surface"|MARTINIQUE|||||Non|"Hors Zone Sensible"|"FR_HZS_00000  "|Non||Non||S080000397203|"Systeme de collecte - Basse-Pointe"|||"97203 : Basse-Pointe"|0|0|0.00||Inc||Inc||Inc||||0.0000|0.0000|0.0000|0.0000|0.0000|0.0000|0.0000|0.0000|0.0000|0.0000|0.0000|0.0000|0.0000|0.0000|||||||||||Inc|||Inc|Inc|Inc|"1301:Température de l'Eau:Inc | 1302:Potentiel en Hydrogène (pH):Inc | 1305:Matières en suspension:Inc"|||Oui|Inc|Inc|Non||Inc||Inc||Inc|||
MARTINIQUE|1|MARTINIQUE|972|"DEAL de Martinique"|"SPE de la Martinique"|080000297203|Basse-PointeMADELONNETTE|Basse-Pointe|97203|"En activité"|2000|1|1|1|0|"Taille < 200 EH"|0|200|Oui|Oui|N/A|Oui|2025-11-19|Unitaire|"Absence de rejets directs temps sec"|0||080000297203|"BASSE-POINTE - MADELONNETTE"|Urbain|1|"En service"|2000-03-08||"Communauté d'Agglomération du Pays Nord Martinique"|"SOC EAUX ET ASSAINISSEMENT"|Basse-Pointe|97203|702189|1641054|"UTM Nord fuseau 20"|39|14.8361616|-61.1210207|200|12|0|0|0|"Boue activée faible charge"|"Epaississement statique gravitaire"|||"Traitement approprié"|2005-12-31|2000-01-01|||||||Oui|"Traitement approprié"||||Non|"Non valide"|Inc|Inc|||Oui||0|0|0|Non|0|0|0|0|0|0|0|0|0|0|0|2025-11-19|"REJET PRINCIPAL DE BASSE-POINTE-Madelonnette"|"Eau douce de surface"|"MARTINIQUE               "|702180|1641061|14.8362255|-61.1211038|Non|"Hors Zone Sensible"|"FR_HZS_00000  "|Non||Non||S080000297203|"Systeme de collecte - BASSE-POINTE-Madelonnette"|||"97203 : Basse-Pointe"|0|0|0.00||N/A||N/A||N/A||||0.0000|0.0000|0.0000|0.0000|0.0000|0.0000|0.0000|0.0000|0.0000|0.0000|0.0000|0.0000|0.0000|0.0000|"Communauté d'Agglomération du Pays Nord Martinique"|" 39 Lotissement la Marie "|97225|MARIGOT||"SMDS MARTINIQ DISTR SERVICES"|"BAT F1 VILLAGE DE R.ROCHE 49 LOT ZAC DE RIVIERE ROCHE "|97200|"FORT DE FRANCE"||Inc|||N/A|N/A|N/A|"1301:Température de l'Eau:Inc | 1302:Potentiel en Hydrogène (pH):Inc | 1305:Matières en suspension:Inc"|0|0|Oui|Oui|N/A|Oui||N/A||N/A||N/A|||
MARTINIQUE|1|MARTINIQUE|972|"DEAL de Martinique"|"SPE de la Martinique"|080000197234|"Bellefontaine -  FOND LAILLET - CHEVAL B"|Bellefontaine|97234|"En activité"|1982|1|1|1|2400|"[ 2 000 ; 10 000 [ EH"|2400|1900|Non|Non|Oui|Non|2025-12-01|Séparatif|"Absence de rejets directs temps sec"|0|2021-01-01|080000197234|"BELLEFONTAINE - FOND LAILLET/CHEVAL BLANC/BOURG"|Urbain|1|"En service"|1982-12-31||"Communauté d'Agglomération du Pays Nord Martinique"|"SOCIETE MARTINIQUAISE DES EAUX"|Bellefontaine|97234|698439|1622254|"UTM Nord fuseau 20"|39|14.6665533|-61.1572878|1900|114|322|2400|248|"Boue activée aération prolongée (très faible charge)"|"Table d'égouttage"|"Arrêté du 21 juillet 2015 relatif à l'assainissement des agglomérations"|2007-12-20|"Traitement secondaire"|2005-12-31|2024-12-31|||||||Non|"Traitement secondaire"||||Non|"Non valide"|Non|Non|||Non|"Point de mesure A2 absent"|0|0|0|Non|0|0|4|0|0|0|0|0|0|0|0|2025-12-01|"Rejet Fond Laillet/Cheval Blanc/bourgFond Laillet/"|"Eau côtière"|Martinique|698090|1622266|14.6666874|-61.1605266|Non|"Hors Zone Sensible"|"FR_HZS_00000  "|Non||Non||080000197234|"SC du STEU : Fond Laillet/Cheval Blanc/bourgFond Laillet/Che"|FRJC002|Nord-Caraibe|"97234 : Bellefontaine"|322|1|0.00||N/A||N/A||N/A||||248.4800|0.0000|0.0000|0.0000|0.0000|0.0000|0.0000|0.0000|0.0000|0.0000|0.0000|0.0000|0.0000|0.0000|"Communauté d'Agglomération du Pays Nord Martinique"|" 39 Lotissement la Marie "|97225|MARIGOT||"SMDS MARTINIQ DISTR SERVICES"|"   PLACE D ARMES BP 213"|97232|LAMENTIN|||||N/A|N/A|N/A|"1305:Matières en suspension:Non | 1319:Azote Kjeldahl:Non"|0|0|Non|Non|Oui|Non||N/A||N/A||N/A|||
MARTINIQUE|1|MARTINIQUE|972|"DEAL de Martinique"|"SPE de la Martinique"|080000297204|CARBET-BOUT-BOIS|"Le Carbet"|97204|"En activité"|1990|1|1|1|0|"Taille < 200 EH"|0|80|Oui|Oui|N/A|Oui|2025-12-01|Unitaire|"Absence de rejets directs temps sec"|0||080000297204|"LE CARBET - BOUT BOIS"|Urbain|1|"En service"|1990-01-01||"Communauté d'Agglomération du Pays Nord Martinique"|"SOCIETE MARTINIQUAISE DES EAUX"|"Le Carbet"|97204|697932|1628693|"UTM Nord fuseau 20"|39|14.7247785|-61.1615074|80|5|0|0|0|"Décantation physique"|"Epaississement statique gravitaire"|||"Traitement approprié"|0000-00-00|1990-01-01|||||||Oui|"Traitement approprié"||||Non|"Non valide"|Inc|Inc|||Oui|" "|0|0|0|Non|0|0|0|0|0|0|0|0|0|0|0|2025-12-01|"REJET PRINCIPAL DE CARBET"|"Eau douce de surface"|"MARTINIQUE               "|697943|1628689|14.7247415|-61.1614056|Non|"Hors Zone Sensible"|"FR_HZS_00000  "|Non||Non||S080000297204|"Systeme de collecte - CARBET"|FRJC002|Nord-Caraibe|"97204 : Le Carbet"|0|0|0.00||N/A||N/A||N/A||||0.0000|0.0000|0.0000|0.0000|0.0000|0.0000|0.0000|0.0000|0.0000|0.0000|0.0000|0.0000|0.0000|0.0000|"Communauté d'Agglomération du Pays Nord Martinique"|" 39 Lotissement la Marie "|97225|MARIGOT||"SOCIETE MARTINIQUAISE DES EAUX"|"   PLACE D ARMES BP 213"|97232|LAMENTIN||Inc|||N/A|N/A|N/A|"1305:Matières en suspension:Inc"|0|0|Oui|Oui|N/A|Oui||N/A||N/A||N/A|||
MARTINIQUE|1|MARTINIQUE|972|"DEAL de Martinique"|"SPE de la Martinique"|080000197205|Case-Pilote|Case-Pilote|97205|"En activité"|2001|1|1|1|5420|"[ 2 000 ; 10 000 [ EH"|5420|7000|Non|Non|Oui|Non|2025-12-01|Séparatif|"Absence de rejets directs temps sec"|0|2021-01-01|080000197205|"CASE-PILOTE - MANIBA"|Urbain|1|"En service"|2001-01-01||"Communauté d'Agglomération du Pays Nord Martinique"|"SOCIETE MARTINIQUAISE DES EAUX"|Case-Pilote|97205|700496|1619910|"UTM Nord fuseau 20"|39|14.6452191|-61.1383726|7000|420|742|5420|487|"Boue activée aération prolongée (très faible charge)"|"Filtration à bande"|"Arrêté du 21 juillet 2015 relatif à l'assainissement des agglomérations"||"Traitement secondaire"|2005-12-31|2024-12-31|||||||Non|"Traitement secondaire"|Dénitrification|||Non|"Non valide"|Non|Non|||Non|" "|29.42|0|1|Non|0|0|20|0|0|0|0|0|0|0|0|2025-12-01|"Rejet MANIBA"|"Eau côtière"|"Mer des Caraïbes"|699712|1619127|14.6382014|-61.1457088|Non|"Hors Zone Sensible"|"FR_HZS_00000  "|Non||Non||080000197205|"SC du STEU : MANIBA"|FRJC002|Nord-Caraibe|"97205 : Case-Pilote"|742|1|0.00||N/A||N/A||N/A||||492.4600|0.0000|0.0000|0.0000|0.0000|0.0000|0.0000|0.0000|0.0000|0.0000|0.0000|0.0000|0.0000|0.0000|"Communauté d'Agglomération du Pays Nord Martinique"|" 39 Lotissement la Marie "|97225|MARIGOT||"SMDS MARTINIQ DISTR SERVICES"|"   PLACE D ARMES BP 213"|97232|LAMENTIN|||||N/A|N/A|N/A|"1305:Matières en suspension:Non"|0|0|Non|Non|Oui|Non||N/A||N/A||N/A|||
MARTINIQUE|1|MARTINIQUE|972|"DEAL de Martinique"|"SPE de la Martinique"|080000297205|CASE-PILOTE-BATISOLEIL|Case-Pilote|97205|"En activité"|1990|1|1|1|33|"Taille < 200 EH"|33|80|Oui|Oui|N/A|Oui|2025-12-01|Unitaire|"Absence de rejets directs temps sec"|0||080000297205|"CASE-PILOTE - BATISOLEIL"|Urbain|1|"En service"|1990-01-01||"Communauté d'Agglomération du Pays Nord Martinique"|"SOCIETE MARTINIQUAISE DES EAUX"|Case-Pilote|97205|699299|1621259|"UTM Nord fuseau 20"|39|14.6574983|-61.1493804|80|5|0|33|10|"Boue activée faible charge"|"Epaississement statique gravitaire"|||"Traitement approprié"|2005-12-31|1990-01-01|||||||Oui|"Traitement approprié"||||Non|"Non valide"|Oui|Oui|||Oui|" "|0|0|0|Non|0|0|0|0|0|0|0|0|0|0|0|2025-12-01|"REJET PRINCIPAL DE CASE-PILOTE"|"Eau douce de surface"|"MARTINIQUE               "|699295|1621254|14.6574534|-61.1494179|Non|"Hors Zone Sensible"|"FR_HZS_00000  "|Non||Non||S080000297205|"Systeme de collecte - CASE-PILOTE"|FRJC002|Nord-Caraibe|"97205 : Case-Pilote"|0|0|0.00||N/A||N/A||N/A||||0.0300|0.0000|0.0000|0.0000|0.0000|0.0000|0.0000|0.0000|0.0000|0.0000|0.0000|0.0000|0.0000|0.0000|"Communauté d'Agglomération du Pays Nord Martinique"|" 39 Lotissement la Marie "|97225|MARIGOT||"SMDS MARTINIQ DISTR SERVICES"|"   PLACE D ARMES BP 213"|97232|LAMENTIN||Oui|||N/A|N/A|N/A|"1305:Matières en suspension:Oui"|0|0|Oui|Oui|N/A|Oui||N/A||N/A||N/A|||
MARTINIQUE|1|MARTINIQUE|972|"DEAL de Martinique"|"SPE de la Martinique"|080000497206|DIAMANT-O'MULLANE|"Le Diamant"|97206|"En activité"|1990|1|1|1|185|"[ 200 ; 2 000 [ EH"|185|450|Oui|Non|N/A|Non|2025-12-02|Unitaire|"Absence de rejets directs temps sec"|0||080000497206|"LE DIAMANT - O'MULLANE"|Urbain|1|"En service"|1990-01-01||"Communauté d'Agglomération de l'Espace Sud de Martinique"|"SOCIETE MARTINIQUAISE DES EAUX"|"Le Diamant"|97206|715230|1602020|"UTM Nord fuseau 20"|39|14.48243|-61.0030787|450|27|0|185|45|"Boue activée faible charge"|"Epaississement statique gravitaire"|"Arrêté du 22 juin 2007 relatif à l'assainissement des agglomérations"||"Traitement approprié"|2005-12-31|2010-01-01|||||||Oui|"Traitement approprié"||||Non|"Non valide"|Non|Non|||Non||0|0|0|Non|0|0|0|0|0|0|0|0|0|0|0|2025-12-02|"REJET PRINCIPAL DE DIAMANT-O'Mullane"|"Eau douce de surface"|"MARTINIQUE               "|715247|1601995|14.4822027|-61.0029231|Non|"Hors Zone Sensible"|"FR_HZS_00000  "|Non||Non||S080000497206|"Systeme de collecte - DIAMANT-O'Mullane"|||"97206 : Le Diamant"|0|0|0.00||N/A||N/A|0|N/A|0|||0.1200|0.0000|0.0000|0.0000|0.0000|0.0000|0.0000|0.0000|0.0000|0.0000|0.0000|0.0000|0.0000|0.0000|"Communauté d'Agglomération de l'Espace Sud de Martinique"|" Lotissement Frangipanier "|97228|SAINTE-LUCE||"SOCIETE MARTINIQUAISE DES EAUX"|"   PLACE D ARMES BP 213"|97232|LAMENTIN||Non|||N/A|N/A|N/A|"1305:Matières en suspension:Non"|0|0|Oui|Non|N/A|Non||N/A||N/A|0|N/A|0||
MARTINIQUE|1|MARTINIQUE|972|"DEAL de Martinique"|"SPE de la Martinique"|080000397206|DIAMANT-TAUPINIÈRE|"Le Diamant"|97206|"En activité"|2014|1|1|1|518|"[ 200 ; 2 000 [ EH"|518|800|Non|Non|N/A|Non|2025-12-02|Unitaire|"Absence de rejets directs temps sec"|0||080000797206|"LE DIAMANT - TAUPINIERE"|Urbain|1|"En service"|2014-10-22||"Communauté d'Agglomération de l'Espace Sud de Martinique"|"SOCIETE MARTINIQUAISE DES EAUX"|"Le Diamant"|97206|716334|1602400|"UTM Nord fuseau 20"|39|14.4857765|-60.9928093|800|48|25|518|22|"Filtres Plantés"||"Arrêté du 21 juillet 2015 relatif à l'assainissement des agglomérations"||"Traitement approprié"|2005-12-31|2014-12-31|||||||Non|"Traitement approprié"||||Non|"Non valide"|Oui|Oui|||Non|" "|0|0|0|Non|0|0|0|0|0|0|0|0|0|0|0|2025-12-02|"REJET Diamant-Taupinière"|"Eau douce de surface"|"MARTINIQUE               "|716370|1602357|14.4853851|-60.9924789|Non|"Hors Zone Sensible"|"FR_HZS_00000  "|Non||Non||S080000797206|"Systeme de collecte - DIAMANT"|||"97206 : Le Diamant"|25|1|0.00||N/A||N/A||N/A||||21.5000|0.0000|0.0000|0.0000|0.0000|0.0000|0.0000|0.0000|0.0000|0.0000|0.0000|0.0000|0.0000|0.0000|||||||"   PLACE D ARMES BP 213"|97232|LAMENTIN||Oui|||N/A|N/A|N/A|"1305:Matières en suspension:Oui | 1319:Azote Kjeldahl:Oui | 1449:Escherichia coli (E. coli):Non | 6455:Enterocoques:Non"|0|0|Non|Non|N/A|Non||N/A||N/A||N/A|||
MARTINIQUE|1|MARTINIQUE|972|"DEAL de Martinique"|"SPE de la Martinique"|080000697207|"Ducos - CANAL COCOTE"|Ducos|97207|"En activité"|2023|1|1|1|140|"[ 200 ; 2 000 [ EH"|140|300|Oui|Non|N/A|Non|2025-12-02|Séparatif|"Absence de rejets directs temps sec"|0||080000397207|"DUCOS - CANAL COCOTE"|Urbain|1|"En service"|2018-01-01||"Communauté d'Agglomération de l'Espace Sud de Martinique"|"SOCIETE MARTINIQUAISE DES EAUX"|Ducos|97207|716162|1611015|"UTM Nord fuseau 20"|39|14.5636355|-60.9937025|300|18|0|140|40|"Boue activée faible charge"|"Epaississement statique gravitaire"|"Arrêté du 21 juillet 2015 relatif à l'assainissement des agglomérations"|||||||||||Oui|"Traitement approprié"||||Non|"Non valide"|Non|Non|||Non||0|0|0|Non|0|0|0|0|0|0|0|0|0|0|0|2025-12-02|"REJET PRINCIPAL DE DUCOS-Canal Cocote"|"Eau côtière"|MARTINIQUE|716135|1611052|14.5639719|-60.99395|Non|"Hors Zone Sensible"|"FR_HZS_00000  "|Non||Non||S080000397207|"Systeme de collecte - DUCOS-Canal Cocote"|FRJT004|"Mangrove de la Baie de Genipa"|"97207 : Ducos"|0|0|0.00||N/A||N/A|0|N/A|0|||0.1100|0.0000|0.0000|0.0000|0.0000|0.0000|0.0000|0.0000|0.0000|0.0000|0.0000|0.0000|0.0000|0.0000|"Communauté d'Agglomération de l'Espace Sud de Martinique"|" Lotissement Frangipanier "|97228|SAINTE-LUCE||"SOCIETE MARTINIQUAISE DES EAUX"|"   PLACE D ARMES BP 213"|97232|LAMENTIN||Non|||N/A|N/A|N/A|"1305:Matières en suspension:Non"|0|0|Oui|Non|N/A|Non||N/A||N/A|0|N/A|0||
MARTINIQUE|1|MARTINIQUE|972|"DEAL de Martinique"|"SPE de la Martinique"|080000397207|DUCOS-GRANDE-SAVANE|Ducos|97207|"En activité"|1988|1|1|1|310|"[ 200 ; 2 000 [ EH"|310|250|Non|Non|N/A|Non|2025-12-02|Unitaire|"Absence de rejets directs temps sec"|0||080000297207|"DUCOS - GRANDE SAVANE"|Urbain|1|"En service"|1988-12-31||"Communauté d'Agglomération de l'Espace Sud de Martinique"|"SOCIETE MARTINIQUAISE DES EAUX"|Ducos|97207|720097|1612453|"UTM Nord fuseau 20"|39|14.5763129|-60.9570767|250|15|0|310|14|"Boue activée faible charge"|"Epaississement statique gravitaire"|"Arrêté du 21 juillet 2015 relatif à l'assainissement des agglomérations"||"Traitement approprié"|2005-12-31|2030-01-01|||||||Non|"Traitement approprié"||||Non|"Non valide"|Non|Non|||Non||0|0|0|Non|0|0|0|0|0|0|0|0|0|0|0|2025-12-02|"REJET PRINCIPAL DE DUCOS-Grande Savane"|"Eau douce de surface"|"MARTINIQUE               "|720089|1612459|14.5763677|-60.9571504|Non|"Hors Zone Sensible"|"FR_HZS_00000  "|Non||Non||S080000297207|"Systeme de collecte - DUCOS-Grande Savane"|FRJC001|"Baie de Genipa"|"97207 : Ducos"|0|0|0.00||N/A||N/A||N/A||||0.2000|0.0000|0.0000|0.0000|0.0000|0.0000|0.0000|0.0000|0.0000|0.0000|0.0000|0.0000|0.0000|0.0000|"Communauté d'Agglomération de l'Espace Sud de Martinique"|" Lotissement Frangipanier "|97228|SAINTE-LUCE||"SOCIETE MARTINIQUAISE DES EAUX"|"   PLACE D ARMES BP 213"|97232|LAMENTIN||Non|||N/A|N/A|N/A|"1305:Matières en suspension:Non"|0|0|Non|Non|N/A|Non||N/A||N/A||N/A|||
MARTINIQUE|1|MARTINIQUE|972|"DEAL de Martinique"|"SPE de la Martinique"|080000597207|"Ducos - PAYS NOYE"|Ducos|97207|"En activité"|2023|1|1|1|7663|"[ 10 000 ; 100 000 [ E"|7663|11000|Non|Non|N/A|Non|2025-12-03|Séparatif|"Absence de rejets directs temps sec"|0|2023-01-01|080000197207|"DUCOS - PAYS NOYE"|Urbain|1|"En service"|1991-01-01||"Communauté d'Agglomération de l'Espace Sud de Martinique"|"SOCIETE MARTINIQUAISE DES EAUX"|Ducos|97207|717666|1613069|"UTM Nord fuseau 20"|39|14.5820751|-60.9795802|11000|660|1942|7663|936|"Boue activée aération prolongée (très faible charge)"|"Filtration à bande"|"Arrêté du 21 juillet 2015 relatif à l'assainissement des agglomérations"||"Traitement secondaire"|2005-12-31|2024-12-31|||||||Non|"Traitement secondaire"||||Non|"Non valide"|Non|Non|||Non|"Point de mesure A2 absent"|41.96|0|1|Non|0|0|0|0|0|0|0|0|0|0|0|2025-12-02|"Rejet PAYS NOYE"|"Eau douce de surface"|"Mer des Caraïbes"|717280|1612900|14.580579|-60.9831755|Non|"Hors Zone Sensible"|"FR_HZS_00000  "|Non||Non||080000197207|"SC du STEU : PAYS NOYE"|FRJR028|-|"97207 : Ducos"|1942|1|0.00||N/A||N/A||N/A|0|||888.9400|0.0000|0.0000|0.0000|0.0000|0.0000|0.0000|0.0000|0.0000|0.0000|0.0000|0.0000|0.0000|0.0000|"Communauté d'Agglomération de l'Espace Sud de Martinique"|" Lotissement Frangipanier "|97228|SAINTE-LUCE||"SOCIETE MARTINIQUAISE DES EAUX"|"   PLACE D ARMES BP 213"|97232|LAMENTIN|||||N/A|N/A|N/A|"1305:Matières en suspension:Non"|0|0|Non|Non|N/A|Non||N/A||N/A||N/A|0||
MARTINIQUE|1|MARTINIQUE|972|"DEAL de Martinique"|"SPE de la Martinique"|080000197208|FONDS-SAINT-DENIS-LACROIX|Fonds-Saint-Denis|97208|"En activité"|1990|1|1|1|213|"Taille < 200 EH"|213|100|Oui|Oui|N/A|Oui|2025-12-01|Unitaire|"Absence de rejets directs temps sec"|0||080000197208|"FONDS-SAINT-DENIS - LACROIX"|Urbain|1|"En service"|1990-01-01||"Communauté d'Agglomération du Pays Nord Martinique"|"SOCIETE MARTINIQUAISE DES EAUX"|Fonds-Saint-Denis|97208|700570|1630363|"UTM Nord fuseau 20"|39|14.7396739|-61.1368853|100|6|0|213|15|"Boue activée faible charge"|"Epaississement statique gravitaire"|||"Traitement approprié"|2005-12-31|2000-09-16|||||||Oui|"Traitement approprié"||||Non|"Non valide"|Oui|Oui|||Oui|" "|0|0|0|Non|0|0|0|0|0|0|0|0|0|0|0|2025-12-01|"REJET PRINCIPAL DE FONDS-ST-DENIS-Lacroix"|"Eau douce de surface"|"MARTINIQUE               "|700517|1630344|14.7395061|-61.1373789|Non|"Hors Zone Sensible"|"FR_HZS_00000  "|Non||Non||S080000197208|"Systeme de collecte - FONDS-ST-DENIS-Lacroix"|FRJR120|Roxelane|"97208 : Fonds-Saint-Denis"|0|0|0.00||N/A||N/A||N/A||||0.0400|0.0000|0.0000|0.0000|0.0000|0.0000|0.0000|0.0000|0.0000|0.0000|0.0000|0.0000|0.0000|0.0000|"Communauté d'Agglomération du Pays Nord Martinique"|" 39 Lotissement la Marie "|97225|MARIGOT||"SMDS MARTINIQ DISTR SERVICES"|"   PLACE D ARMES BP 213"|97232|LAMENTIN||Oui|||N/A|N/A|N/A|"1305:Matières en suspension:Oui"|0|0|Oui|Oui|N/A|Oui||N/A||N/A||N/A|||
MARTINIQUE|1|MARTINIQUE|972|"DEAL de Martinique"|"SPE de la Martinique"|080003297209|"Fort-de-France - CHARMEUSE"|Fort-de-France|97209|"En activité"|2024|1|1|1|0|"[ 200 ; 2 000 [ EH"|0|300|Oui|Inc|Inc|Non|2025-11-19|Unitaire|"Absence de rejets directs temps sec"|0||080005997209|"FORT-DE-FRANCE - CHARMEUSE"|Urbain|1|"En service"|2024-01-01|||"SOGEA MARTINIQUE"|Fort-de-France|97209|709100|1618395|"UTM Nord fuseau 20"|39|14.6308765|-61.0586359|300|18|0|0|0|||"Arrêté du 21 juillet 2015 relatif à l'assainissement des agglomérations"||"Traitement approprié"|2005-12-31||||||||Oui|||||Non|"Non valide"|Inc|Inc|||Inc||0|0|0|Non|0|0|0|0|0|0|0|0|0|0|0|2025-11-19|"REJET PRINCIPAL DE Fort-de-France"|"Eau douce de surface"|MARTINIQUE|||||Non|"Hors Zone Sensible"|"FR_HZS_00000  "|Non||Non||S080005997209|"Systeme de collecte - Fort-de-France"|||"97209 : Fort-de-France"|0|0|0.00||Inc||Inc||Inc||||0.0000|0.0000|0.0000|0.0000|0.0000|0.0000|0.0000|0.0000|0.0000|0.0000|0.0000|0.0000|0.0000|0.0000|||||||"CS 40485 206  AV MAURICE BISHOP "|97200|"FORT DE FRANCE"||Inc|||Inc|Inc|Inc|"1301:Température de l'Eau:Inc | 1302:Potentiel en Hydrogène (pH):Inc | 1305:Matières en suspension:Inc"|||Oui|Inc|Inc|Non||Inc||Inc||Inc|||
MARTINIQUE|1|MARTINIQUE|972|"DEAL de Martinique"|"SPE de la Martinique"|080000497209|"Fort-de-France - CHARMILLES "|Fort-de-France|97209|"En activité"|2018|1|1|1|6|"Taille < 200 EH"|6|200|Oui|Inc|N/A|Non|2025-11-19|Unitaire|"Absence de rejets directs temps sec"|0||080003297209|"FORT-DE-FRANCE - CHARMILLES"|Urbain|1|"En service"|2018-01-01||ODYSSI|ODYSSI|Fort-de-France|97209|709947|1619952|"UTM Nord fuseau 20"|39|14.6448803|-61.050651|200|12|0|6|18|||"Arrêté du 21 juillet 2015 relatif à l'assainissement des agglomérations"||"Traitement approprié"|2005-12-31|2018-01-01|||||||Oui|||||Non|"Non valide"|Oui|Oui|||Inc|" "|0|0|0|Non|0|0|0|0|0|0|0|0|0|0|0|2025-11-19|"REJET PRINCIPAL DE FORT-DE-FRANCE-CHARMILLES"|"Eau douce de surface"|MARTINIQUE|||||Non|"Hors Zone Sensible"|"FR_HZS_00000  "|Non||Non||S0897209XXXXX|"Systeme de collecte - FORT-DE-FRANCE-CHARMILLES"|||"97209 : Fort-de-France"|0|0|0.00||N/A||N/A||N/A||||0.0500|0.0000|0.0000|0.0000|0.0000|0.0000|0.0000|0.0000|0.0000|0.0000|0.0000|0.0000|0.0000|0.0000|||||||"Lot. Dillon Stade 7-9 rue des Arts et Métiers Bâtiment Flore Gaillard BP162"|97202|FORT-DE-FRANCE||Oui|||N/A|N/A|N/A|"1301:Température de l'Eau:Inc | 1302:Potentiel en Hydrogène (pH):Inc | 1305:Matières en suspension:Oui"|0|0|Oui|Inc|N/A|Non||N/A||N/A||N/A|||
MARTINIQUE|1|MARTINIQUE|972|"DEAL de Martinique"|"SPE de la Martinique"|080000197209|"Fort-de-France - DILLON 1 ET 2"|Fort-de-France|97209|"En activité"|1975|3|2|2|76794|"[ 100 000 ; ... [ EH"|76794|85000|Oui|Non|Oui|Non|2025-11-21|Séparatif|"Absence de rejets directs temps sec"|0|2021-01-01|080000197209|"FORT-DE-FRANCE - DILLON 1"|Urbain|1|"En service"|1990-12-31||"COMMUNAUTE D AGGLOMERATION DU CENTRE DE LA MARTINIQUE"|ODYSSI|Fort-de-France|97209|710164|1614911|"UTM Nord fuseau 20"|39|14.5993116|-61.0490394|25000|1500|5656|16968|2726|"Boue activée aération prolongée (très faible charge)"|Centrifugation|"Arrêté du 21 juillet 2015 relatif à l'assainissement des agglomérations"||"Traitement secondaire"|2000-12-31|2019-12-31|||||||Oui|"Traitement secondaire"|Dénitrification|||Non|"Non valide"|Non|Non|||Non|" "|306.42|0|0|Non|0|0|0|0|0|0|291|0|0|0|0|2025-11-21|"Rejet DILLON 1"|"Eau côtière"|"Mer des Caraïbes"|709824|1614818|14.5984976|-61.0522017|Non|"Hors Zone Sensible"|"FR_HZS_00000  "|Non||Non||080000197209|"SC du STEU : DILLON 1"|FRJC015|"Nord Baie de Fort-de-France"|"97213 : Le Lamentin | 97213 : Le Lamentin | 97209 : Fort-de-France | 97209 : Fort-de-France | 97229 : Schœlcher | 97229 : Schœlcher"|5656|2|0.00||N/A||N/A||N/A|0|||2671.6700|0.0000|0.0000|0.0000|0.0000|0.0000|0.0000|0.0000|0.0000|0.0000|0.0000|0.0000|0.0000|0.0000|ODYSSI|"Lot. Dillon Stade 7-9 rue des Arts et Métiers Bâtiment Flore Gaillard BP162"|97202|FORT-DE-FRANCE||ODYSSI|"Lot. Dillon Stade 7-9 rue des Arts et Métiers Bâtiment Flore Gaillard BP162"|97202|FORT-DE-FRANCE|||||N/A|N/A|N/A|"1305:Matières en suspension:Non"|0|0|Oui|Non|Oui|Non||N/A||N/A||N/A|0||
MARTINIQUE|1|MARTINIQUE|972|"DEAL de Martinique"|"SPE de la Martinique"|080000197209|"Fort-de-France - DILLON 1 ET 2"|Fort-de-France|97209|"En activité"|1975|3|2|2|76794|"[ 100 000 ; ... [ EH"|76794|85000|Oui|Non|Oui|Non|2025-11-21|Séparatif|"Absence de rejets directs temps sec"|0|2021-01-01|080000297209|"FORT-DE-FRANCE - DILLON 2"|Urbain|1|"En service"|1999-12-31||"COMMUNAUTE D AGGLOMERATION DU CENTRE DE LA MARTINIQUE"|ODYSSI|Fort-de-France|97209|710121|1614876|"UTM Nord fuseau 20"|39|14.5989987|-61.0494411|60000|3600|12207|59826|8027|"Boue activée aération prolongée (très faible charge)"|Centrifugation|"Arrêté du 21 juillet 2015 relatif à l'assainissement des agglomérations"|2010-12-09|"Traitement secondaire"|2000-12-31|2019-12-30|||||||Oui|"Traitement secondaire"|Dénitrification|||Non|"Non valide"|Oui|Oui|||Oui|" "|125.02|0|0|Non|0|0|0|0|0|0|129|0|0|0|0|2025-11-21|"Rejet DILLON 2"|"Eau côtière"|"Mer des Caraïbes"|709824|1614818|14.5984976|-61.0522017|Non|"Hors Zone Sensible"|"FR_HZS_00000  "|Non||Non||080000297209|"SC du STEU : DILLON 2"|FRJC015|"Nord Baie de Fort-de-France"|"97213 : Le Lamentin | 97213 : Le Lamentin | 97209 : Fort-de-France | 97209 : Fort-de-France | 97229 : Schœlcher | 97229 : Schœlcher"|12207|2|0.00||N/A||N/A||N/A|0|||7273.3400|0.0000|0.0000|0.0000|0.0000|0.0000|0.0000|0.0000|0.0000|0.0000|0.0000|0.0000|0.0000|0.0000|ODYSSI|"Lot. Dillon Stade 7-9 rue des Arts et Métiers Bâtiment Flore Gaillard BP162"|97202|FORT-DE-FRANCE||ODYSSI|"Lot. Dillon Stade 7-9 rue des Arts et Métiers Bâtiment Flore Gaillard BP162"|97202|FORT-DE-FRANCE|||||N/A|N/A|N/A|"1305:Matières en suspension:Oui"|0|0|Oui|Non|Oui|Non||N/A||N/A||N/A|0||
MARTINIQUE|1|MARTINIQUE|972|"DEAL de Martinique"|"SPE de la Martinique"|080001197209|"Fort-de-France - GODISSARD"|Fort-de-France|97209|"En activité"|2023|3|1|1|5679|"[ 10 000 ; 100 000 [ E"|5679|13000|Non|Non|Oui|Non|2025-12-12|Séparatif|"Absence de rejets directs temps sec"|0|2023-01-01|080000497209|"FORT-DE-FRANCE - GODISSARD"|Urbain|1|"En service"|1981-12-31||"COMMUNAUTE D AGGLOMERATION DU CENTRE DE LA MARTINIQUE"|ODYSSI|Fort-de-France|97209|708301|1618590|"UTM Nord fuseau 20"|39|14.6327003|-61.0660357|13000|780|1803|5679|1164|"Boue activée aération prolongée (très faible charge)"|"Epaississement statique gravitaire"|"Arrêté du 21 juillet 2015 relatif à l'assainissement des agglomérations"|2017-05-19|"Traitement secondaire"|2005-12-31|2025-01-01|||||||Non|"Traitement secondaire"||||Non|"Non valide"|Non|Non||Non|Non|"Mauvaises performances"|28.5|0|0|Non|0|0|0|0|0|0|41|0|0|0|0|2025-12-12|"Rejet GODISSARD"|"Eau douce de surface"|"Mer des Caraïbes"|707958|1618383|14.6308562|-61.0692354|Non|"Hors Zone Sensible"|"FR_HZS_00000  "|Non||Non||080000497209|"SC du STEU : GODISSARD"|FRJR116|Madame|"97229 : Schœlcher | 97209 : Fort-de-France | 97213 : Le Lamentin"|1803|5|0.00||N/A||N/A||N/A|0|||1268.1800|0.0000|0.0000|0.0000|0.0000|0.0000|0.0000|0.0000|0.0000|0.0000|0.0000|0.0000|0.0000|0.0000|ODYSSI|"Lot. Dillon Stade 7-9 rue des Arts et Métiers Bâtiment Flore Gaillard BP162"|97202|FORT-DE-FRANCE||ODYSSI|"Lot. Dillon Stade 7-9 rue des Arts et Métiers Bâtiment Flore Gaillard BP162"|97202|FORT-DE-FRANCE|||||N/A|N/A|N/A|"1305:Matières en suspension:Non"|0|6|Non|Non|Oui|Non||N/A||N/A||N/A|0||
MARTINIQUE|1|MARTINIQUE|972|"DEAL de Martinique"|"SPE de la Martinique"|080002997209|"Fort-de-France - LA MADELEINE"|Fort-de-France|97209|"En activité"|2024|1|1|1|0|"[ 200 ; 2 000 [ EH"|0|250|Oui|Non|N/A|Non|2025-11-19|Unitaire|"Absence de rejets directs temps sec"|0||080006397209|"FORT-DE-FRANCE - LA MADELEINE"|Urbain|1|"En service"|2024-01-01||SIMAR|"COTRAM Assainissement"|Fort-de-France|97209|710329|1618280|"UTM Nord fuseau 20"|39|14.629742|-61.0472393|250|15|0|0|0|||"Arrêté du 21 juillet 2015 relatif à l'assainissement des agglomérations"||"Traitement approprié"|2005-12-31||||||||Oui|||||Non|"Non valide"|Non|Non|||Non|"Mauvaises performances"|0|0|0|Non|0|0|0|0|0|0|0|0|0|0|0|2025-11-19|"REJET PRINCIPAL DE Fort-de-France - LA MADELEINE"|"Eau douce de surface"|MARTINIQUE|||||Non|"Hors Zone Sensible"|"FR_HZS_00000  "|Non||Non||S080006397209|"Systeme de collecte - Fort-de-France - LA MADELEINE"|||"97209 : Fort-de-France"|0|0|0.00||Inc||Inc||Inc||||0.0000|0.0000|0.0000|0.0000|0.0000|0.0000|0.0000|0.0000|0.0000|0.0000|0.0000|0.0000|0.0000|0.0000|||||||"  PELLETIER"|97232|LAMENTIN|||||Inc|Inc|Inc|"1305:Matières en suspension:Non"|||Oui|Non|N/A|Non||Inc||Inc||Inc|||
MARTINIQUE|1|MARTINIQUE|972|"DEAL de Martinique"|"SPE de la Martinique"|080000897209|"Fort-de-France - LES HAMEAUX DE LA VALLE"|Fort-de-France|97209|"En activité"|2023|1|1|1|0|"Taille < 200 EH"|0|150|Oui|Oui|N/A|Oui|2025-11-19|Unitaire|"Absence de rejets directs temps sec"|0||080001997209|"FORT-DE-FRANCE - LES HAMMEAUX DE LA VALLEE"|Urbain|1|"En service"|2023-01-01||"COMMUNAUTE D AGGLOMERATION DU CENTRE DE LA MARTINIQUE"|ODYSSI|Fort-de-France|97209|708745|1620317|"UTM Nord fuseau 20"|39|14.6482717|-61.061778|150|9|0|0|0|||"Arrêté du 21 juillet 2015 relatif à l'assainissement des agglomérations"||"Traitement approprié"|2005-12-31||||||||Oui|||||Non|"Non valide"|Inc|Inc|||Oui||0|0|0|Non|0|0|0|0|0|0|0|0|0|0|0|2025-11-19|"REJET PRINCIPAL DE Fort-de-France - Les Hameaux de"|"Eau douce de surface"|MARTINIQUE|||||Non|"Hors Zone Sensible"|"FR_HZS_00000  "|Non||Non||S080001997209|"Systeme de collecte - Fort-de-France - Les Hameaux de la Val"|||"97209 : Fort-de-France"|0|0|0.00||N/A||N/A||N/A||||0.0000|0.0000|0.0000|0.0000|0.0000|0.0000|0.0000|0.0000|0.0000|0.0000|0.0000|0.0000|0.0000|0.0000|||||||"Lot. Dillon Stade 7-9 rue des Arts et Métiers Bâtiment Flore Gaillard BP162"|97202|FORT-DE-FRANCE||Inc|||N/A|N/A|N/A|"1301:Température de l'Eau:Inc | 1302:Potentiel en Hydrogène (pH):Inc | 1305:Matières en suspension:Inc"|0|0|Oui|Oui|N/A|Oui||N/A||N/A||N/A|||
MARTINIQUE|1|MARTINIQUE|972|"DEAL de Martinique"|"SPE de la Martinique"|080000797209|"Fort-de-France- LES MEYNARD"|Fort-de-France|97209|"En activité"|2022|1|1|1|0|"Taille < 200 EH"|0|30|Non|Oui|N/A|Non|2025-11-19|Unitaire|"Absence de rejets directs temps sec"|0||080000897209|"FORT-DE-FRANCE - LES MEYNARD"|Urbain|1|"En service"|2022-01-01||"COMMUNAUTE D AGGLOMERATION DU CENTRE DE LA MARTINIQUE"|ODYSSI|Fort-de-France|97209|711022|1618698|"UTM Nord fuseau 20"|39|14.6334651|-61.0407745|30|2|0|0|0|||"Arrêté du 21 juillet 2015 relatif à l'assainissement des agglomérations"||"Traitement approprié"|2005-12-31|2023-12-31|||||||Non|||||Non|"Non valide"|Inc|Inc|||Oui|" "|0|0|0|Non|0|0|0|0|0|0|0|0|0|0|0|2025-11-19|"REJET PRINCIPAL DE Fort-de-France LES MEYNARD"|"Eau douce de surface"|MARTINIQUE|||||Non|"Hors Zone Sensible"|"FR_HZS_00000  "|Non||Non||S080000897209|"Systeme de collecte - Fort-de-France LES MEYNARD"|||"97209 : Fort-de-France"|0|0|0.00||N/A||N/A||N/A||||0.0000|0.0000|0.0000|0.0000|0.0000|0.0000|0.0000|0.0000|0.0000|0.0000|0.0000|0.0000|0.0000|0.0000|||||||"Lot. Dillon Stade 7-9 rue des Arts et Métiers Bâtiment Flore Gaillard BP162"|97202|FORT-DE-FRANCE||Inc|||N/A|N/A|N/A|"1301:Température de l'Eau:Inc | 1302:Potentiel en Hydrogène (pH):Inc | 1305:Matières en suspension:Inc"|0|0|Non|Oui|N/A|Non||N/A||N/A||N/A|||
MARTINIQUE|1|MARTINIQUE|972|"DEAL de Martinique"|"SPE de la Martinique"|080002597209|"Fort-de-France - LES TERRASSES DE BALATA"|Fort-de-France|97209|"En activité"|2023|1|1|1|156|"[ 200 ; 2 000 [ EH"|156|300|Non|Non|N/A|Non|2025-12-15|Unitaire|"Absence de rejets directs temps sec"|0||080006197209|"FORT-DE-FRANCE - LES TERRASSES DE BALATA"|Urbain|1|"En service"|2021-01-01||"COMMUNAUTE D AGGLOMERATION DU CENTRE DE LA MARTINIQUE"|ODYSSI|Fort-de-France|97209|706214|1621068|"UTM Nord fuseau 20"|39|14.6552526|-61.0852103|300|18|0|156|16|"Boue activée faible charge"|"Lits de séchage"|"Arrêté du 21 juillet 2015 relatif à l'assainissement des agglomérations"|||||||||||Non|"Traitement secondaire"||||Non|"Non valide"|Non|Non|||Non||0|0|0|Non|0|0|0|0|0|0|0|0|0|0|0|2025-12-15|"REJET PRINCIPAL DE FORT-DE-FRANCE"|"Eau douce de surface"|MARTINIQUE|706214|1621067|14.6552436|-61.0852103|Non|"Hors Zone Sensible"|"FR_HZS_00000  "|Non||Non||S080002397224|"Systeme de collecte - FORT-DE-FRANCE"|FRJR116|Madame|"97209 : Fort-de-France"|0|0|0.00||N/A||N/A||N/A||||0.0400|0.0000|0.0000|0.0000|0.0000|0.0000|0.0000|0.0000|0.0000|0.0000|0.0000|0.0000|0.0000|0.0000|||||||"Lot. Dillon Stade 7-9 rue des Arts et Métiers Bâtiment Flore Gaillard BP162"|97202|FORT-DE-FRANCE||Non|||N/A|N/A|N/A|"1301:Température de l'Eau:N/A | 1302:Potentiel en Hydrogène (pH):N/A | 1305:Matières en suspension:Non"|0|0|Non|Non|N/A|Non||N/A||N/A||N/A|||
MARTINIQUE|1|MARTINIQUE|972|"DEAL de Martinique"|"SPE de la Martinique"|080001397209|"Fort-de-France - LONG PRE"|Fort-de-France|97209|"En activité"|2023|3|1|1|701|"[ 200 ; 2 000 [ EH"|701|1200|Non|Non|N/A|Non|2025-11-19|Séparatif|"Absence de rejets directs temps sec"|0||080000497213|"FORT-DE-FRANCE - LONG PRE"|Urbain|1|"En service"|1975-01-01||"COMMUNAUTE D AGGLOMERATION DU CENTRE DE LA MARTINIQUE"|ODYSSI|"Le Lamentin"|97213|714852|1618304|"UTM Nord fuseau 20"|39|14.6296031|-61.0052624|1200|72|0|701|119||"Lits de séchage"|"Arrêté du 21 juillet 2015 relatif à l'assainissement des agglomérations"|||||||||||Non|"Traitement secondaire"||||Oui|Valide|Non|Non|||Non|"Non transmission complète ou incomplète de l'autosurveillance (STEU)"|0|0|0|Non|0|0|0|0|0|0|0|0|0|0|0|2025-11-19|"Rejet LONG PRE"|"Eau douce de surface"|"Mer des Caraïbes"|714440|1618130|14.6280635|-61.0091|Non|"Hors Zone Sensible"|"FR_HZS_00000  "|Non||Non||080000497213|"SC du STEU : LONG PRE"|FRJC015|"Nord Baie de Fort-de-France"|"97229 : Schœlcher | 97209 : Fort-de-France | 97213 : Le Lamentin"|0|0|0.00||N/A||N/A||N/A||||0.6500|0.0000|0.0000|0.0000|0.0000|0.0000|0.0000|0.0000|0.0000|0.0000|0.0000|0.0000|0.0000|0.0000|||||||"Lot. Dillon Stade 7-9 rue des Arts et Métiers Bâtiment Flore Gaillard BP162"|97202|FORT-DE-FRANCE||Non|||N/A|N/A|N/A|"1305:Matières en suspension:Non"|0|0|Non|Non|N/A|Non||N/A||N/A||N/A|||
MARTINIQUE|1|MARTINIQUE|972|"DEAL de Martinique"|"SPE de la Martinique"|080002497209|"Fort-de-France - LOT MODESTE"|Fort-de-France|97209|"En activité"|2023|1|1|1|0|"Taille < 200 EH"|0|150|Oui|Oui|N/A|Oui|2025-12-15|Séparatif|"Absence de rejets directs temps sec"|0||080008397209|"FORT-DE-FRANCE - LOTISSEMENT MODESTE"|Urbain|1|"En service"|2018-01-01||"COMMUNAUTE D AGGLOMERATION DU CENTRE DE LA MARTINIQUE"|ODYSSI|Fort-de-France|97209|707284|1617265|"UTM Nord fuseau 20"|39|14.6208053|-61.0755785|150|9|0|0|0|"Boue activée faible charge"|"Epaississement statique gravitaire"|"Arrêté du 21 juillet 2015 relatif à l'assainissement des agglomérations"|||||||||||Oui|"Traitement secondaire"||||Non|"Non valide"|Inc|Inc|||Oui|"Non transmission de l'autosurveillance (STEU)"|0|0|0|Non|0|0|0|0|0|0|0|0|0|0|0|2025-12-15|"REJET PRINCIPAL DE FORT-DE-FRANCE"|"Eau douce de surface"|MARTINIQUE|707288|1617263|14.6207869|-61.0755416|Non|"Hors Zone Sensible"|"FR_HZS_00000  "|Non||Non||S080008397209|"Systeme de collecte - FORT-DE-FRANCE"|FRJR116|Madame|"97209 : Fort-de-France"|0|0|0.00|0.00|N/A|0.00|N/A|0|N/A|0|||0.0000|0.0000|0.0000|0.0000|0.0000|0.0000|0.0000|0.0000|0.0000|0.0000|0.0000|0.0000|0.0000|0.0000|||||||"Lot. Dillon Stade 7-9 rue des Arts et Métiers Bâtiment Flore Gaillard BP162"|97202|FORT-DE-FRANCE||Inc|||N/A|N/A|N/A|"1301:Température de l'Eau:Inc | 1302:Potentiel en Hydrogène (pH):Inc | 1305:Matières en suspension:Inc"|0|0|Oui|Oui|N/A|Oui|0.00|N/A|0.00|N/A|0|N/A|0||
MARTINIQUE|1|MARTINIQUE|972|"DEAL de Martinique"|"SPE de la Martinique"|080001897209|"Fort-de-France - LUNETTE BOUILLEE"|Fort-de-France|97209|"En activité"|2023|1|1|1|2000|"[ 200 ; 2 000 [ EH"|2000|500|Non|Non|N/A|Non|2025-11-19|Séparatif|"Absence de rejets directs temps sec"|0||080000597209|"FORT-DE-FRANCE - LUNETTE BOUILLEE"|Urbain|1|"En service"|1990-06-04||"COMMUNAUTE D AGGLOMERATION DU CENTRE DE LA MARTINIQUE"|ODYSSI|Fort-de-France|97209|709083|1617684|"UTM Nord fuseau 20"|39|14.624453|-61.0588502|500|30|0|2000|81|"Boue activée faible charge"|"Lits de séchage"|"Arrêté du 21 juillet 2015 relatif à l'assainissement des agglomérations"|||||||||||Non|"Traitement secondaire"||||Non|"Non valide"|Non|Non|||Non||0|0|0|Non|0|0|0|0|0|0|0|0|0|0|0|2025-11-19|"REJET PRINCIPAL DE FORT-DE-FRANCE"|"Eau douce de surface"|MARTINIQUE|709059|1617688|14.624491|-61.0590726|Non|"Hors Zone Sensible"|"FR_HZS_00000  "|Non||Non||S080000597209|"SYSTEME DE COLLECTE - FORT-DE-FRANCE"|FRJC015|"Nord Baie de Fort-de-France"|"97209 : Fort-de-France"|0|0|0.00||N/A||N/A||N/A||||0.2200|0.0000|0.0000|0.0000|0.0000|0.0000|0.0000|0.0000|0.0000|0.0000|0.0000|0.0000|0.0000|0.0000|||||||"Lot. Dillon Stade 7-9 rue des Arts et Métiers Bâtiment Flore Gaillard BP162"|97202|FORT-DE-FRANCE||Non|||N/A|N/A|N/A|"1305:Matières en suspension:Non"|0|0|Non|Non|N/A|Non||N/A||N/A||N/A|||
MARTINIQUE|1|MARTINIQUE|972|"DEAL de Martinique"|"SPE de la Martinique"|080001297209|"Fort-de-France - POINTE DES NEGRES"|Fort-de-France|97209|"En activité"|2023|3|1|1|29874|"[ 10 000 ; 100 000 [ E"|29874|30000|Non|Non|Oui|Non|2025-11-21|Séparatif|"Absence de rejets directs temps sec"|0|2023-01-01|080000197229|"FORT-DE-FRANCE - POINTE DES NEGRES"|Urbain|1|"En service"|2001-12-31||"COMMUNAUTE D AGGLOMERATION DU CENTRE DE LA MARTINIQUE"|ODYSSI|Schœlcher|97229|705785|1615084|"UTM Nord fuseau 20"|39|14.6012112|-61.08966|30000|1800|6803|29874|3380|Biofiltre|Centrifugation|"Arrêté du 21 juillet 2015 relatif à l'assainissement des agglomérations"||"Traitement secondaire"|2000-12-31|2030-01-01|||||||Non|"Traitement secondaire"|Dénitrification|Déphosphatation|Désinfection|Non|"Non valide"|Non|Non|Non|Non|Non|"Mauvaises performances"|312.05|0|0|Non|0|0|0|0|0|0|513|0|0|0|0|2025-11-21|"Rejet POINTE DES NEGRES"|"Eau côtière"|"Mer des Caraïbes"|704419|1614145|14.5928293|-61.1024086|Non|"Hors Zone Sensible"|"FR_HZS_00000  "|Non||Non||080000197229|"SC du STEU : POINTE DES NEGRES"|FRJC015|"Nord Baie de Fort-de-France"|"97229 : Schœlcher | 97209 : Fort-de-France | 97213 : Le Lamentin"|6803|5|0.00||N/A||N/A||N/A|0|||3947.7800|0.0000|0.0000|0.0000|0.0000|0.0000|0.0000|0.0000|0.0000|0.0000|0.0000|0.0000|0.0000|0.0000|ODYSSI|"Lot. Dillon Stade 7-9 rue des Arts et Métiers Bâtiment Flore Gaillard BP162"|97202|FORT-DE-FRANCE||ODYSSI|"Lot. Dillon Stade 7-9 rue des Arts et Métiers Bâtiment Flore Gaillard BP162"|97202|FORT-DE-FRANCE|||||N/A|N/A|N/A|"1305:Matières en suspension:Non"|0|0|Non|Non|Oui|Non||N/A||N/A||N/A|0||
MARTINIQUE|1|MARTINIQUE|972|"DEAL de Martinique"|"SPE de la Martinique"|080003397209|"Fort-de-France - RAVENALA"|Fort-de-France|97209|"En activité"|2024|1|1|1|0|"Taille < 200 EH"|0|72|Oui|Oui|Inc|Non|2025-11-19|Unitaire|"Absence de rejets directs temps sec"|0||080002297209|"FORT-DE-FRANCE - RAVENALA"|Urbain|1|"En service"|2024-01-01||SIMAR||Fort-de-France|97209|709054|1618647|"UTM Nord fuseau 20"|39|14.6331572|-61.0590428|72|4|0|0|0|||"Arrêté du 21 juillet 2015 relatif à l'assainissement des agglomérations"||"Traitement approprié"|2005-12-31||||||||Oui|||||Non|"Non valide"|Inc|Inc|||Oui||0|0|0|Non|0|0|0|0|0|0|0|0|0|0|0|2025-11-19|"REJET PRINCIPAL DE Fort-de-France - RAVENALA"|"Eau douce de surface"|MARTINIQUE|||||Non|"Hors Zone Sensible"|"FR_HZS_00000  "|Non||Non||S080002297209|"Systeme de collecte - Fort-de-France - RAVENALA"|||"97209 : Fort-de-France"|0|0|0.00||Inc||Inc||Inc||||0.0000|0.0000|0.0000|0.0000|0.0000|0.0000|0.0000|0.0000|0.0000|0.0000|0.0000|0.0000|0.0000|0.0000|||||||||||Inc|||Inc|Inc|Inc|"1301:Température de l'Eau:Inc | 1302:Potentiel en Hydrogène (pH):Inc | 1305:Matières en suspension:Inc"|||Oui|Oui|Inc|Non||Inc||Inc||Inc|||
MARTINIQUE|1|MARTINIQUE|972|"DEAL de Martinique"|"SPE de la Martinique"|080000697209|"Fort-de-France TIVOLI LA FONTANE"|Fort-de-France|97209|"En activité"|2022|1|1|1|0|"Taille < 200 EH"|0|150|Non|Oui|N/A|Non|2025-12-15|Unitaire|"Absence de rejets directs temps sec"|0||080000697209|"FORT-DE-FRANCE - TIVOLI LA FONTANE"|Urbain|1|"En service"|2022-01-01||"COMMUNAUTE D AGGLOMERATION DU CENTRE DE LA MARTINIQUE"|ODYSSI|Fort-de-France|97209|707595|1619487|"UTM Nord fuseau 20"|39|14.6408602|-61.0725171|150|9|0|0|0|||"Arrêté du 21 juillet 2015 relatif à l'assainissement des agglomérations"||"Traitement approprié"|2005-12-31|2023-12-31|||||||Non|"Traitement approprié"||||Non|"Non valide"|Inc|Inc|||Oui|" "|0|0|0|Non|0|0|0|0|0|0|0|0|0|0|0|2025-12-15|"REJET PRINCIPAL DE Fort-de-France"|"Eau douce de surface"|MARTINIQUE|||||Non|"Hors Zone Sensible"|"FR_HZS_00000  "|Non||Non||S080000697209|"Systeme de collecte - Fort-de-France"|||"97209 : Fort-de-France"|0|0|0.00||N/A||N/A||N/A||||0.0000|0.0000|0.0000|0.0000|0.0000|0.0000|0.0000|0.0000|0.0000|0.0000|0.0000|0.0000|0.0000|0.0000|||||||"Lot. Dillon Stade 7-9 rue des Arts et Métiers Bâtiment Flore Gaillard BP162"|97202|FORT-DE-FRANCE||Inc|||N/A|N/A|N/A|"1301:Température de l'Eau:Inc | 1302:Potentiel en Hydrogène (pH):Inc | 1305:Matières en suspension:Inc"|0|0|Non|Oui|N/A|Non||N/A||N/A||N/A|||
MARTINIQUE|1|MARTINIQUE|972|"DEAL de Martinique"|"SPE de la Martinique"|080003497209|"Fort-de-France - ZI ACAJOU CALIFORNIE"|Fort-de-France|97209|"En activité"|2024|1|1|1|0|"Taille < 200 EH"|0|150|Oui|Oui|N/A|Oui|2025-11-19|Unitaire|"Absence de rejets directs temps sec"|0||080003097213|"FORT-DE-FRANCE - ZI ACAJOU CALIFORNIE"|Urbain|1|"En service"|2024-01-01||"MAGPLUS IMMOBILIER"|"SOC EAUX ET ASSAINISSEMENT"|Fort-de-France|97209|712679|1616776|"UTM Nord fuseau 20"|39|14.6159677|-61.0255519|150|9|0|0|0|||"Arrêté du 21 juillet 2015 relatif à l'assainissement des agglomérations"||"Traitement approprié"|2005-12-31||||||||Oui|||||Non|"Non valide"|Inc|Inc|||Oui||0|0|0|Non|0|0|0|0|0|0|0|0|0|0|0|2025-11-19|"REJET PRINCIPAL DE Fort-de-France - ZI ACAJOU CALI"|"Eau douce de surface"|MARTINIQUE|||||Non|"Hors Zone Sensible"|"FR_HZS_00000  "|Non||Non||S080003097213|"Systeme de collecte - Fort-de-France - ZI ACAJOU CALIFORNIE"|||"97209 : Fort-de-France"|0|0|0.00||Inc||Inc||Inc||||0.0600|0.0000|0.0000|0.0000|0.0000|0.0000|0.0000|0.0000|0.0000|0.0000|0.0000|0.0000|0.0000|0.0000|||||||"BAT F1 VILLAGE DE R.ROCHE 49 LOT ZAC DE RIVIERE ROCHE "|97200|"FORT DE FRANCE"||Inc|||Inc|Inc|Inc|"1301:Température de l'Eau:Inc | 1302:Potentiel en Hydrogène (pH):Inc | 1305:Matières en suspension:Inc"|||Oui|Oui|N/A|Oui||Inc||Inc||Inc|||
MARTINIQUE|1|MARTINIQUE|972|"DEAL de Martinique"|"SPE de la Martinique"|080001197210|"FRANCOIS- MANSARDE RANCÉE"|"Le François"|97210|"En activité"|2015|1|1|1|160|"[ 200 ; 2 000 [ EH"|160|1000|Non|Non|N/A|Non|2025-12-02|Unitaire|"Absence de rejets directs temps sec"|0||080000697210|"LE FRANCOIS - MANSARDE RANCÉE"|Urbain|1|"En service"|2015-01-01||"Communauté d'Agglomération de l'Espace Sud de Martinique"|"SOCIETE MARTINIQUAISE DES EAUX"|"Le François"|97210|725457|1620395|"UTM Nord fuseau 20"|39|14.6476325|-60.9066695|1000|60|21|160|19|"Filtres Plantés"||"Arrêté du 21 juillet 2015 relatif à l'assainissement des agglomérations"||"Traitement approprié"|2005-12-31|2024-01-01|||||||Non|"Traitement approprié"||||Non|"Non valide"|Non|Non|||Non||0|0|0|Non|0|0|0|0|0|0|0|0|0|0|0|2025-12-02|"REJET PRINCIPAL DE FRANCOIS- Mansarde Rancée"|"Eau douce de surface"|"MARTINIQUE               "|725495|1620411|14.6477739|-60.9063155|Non|"Hors Zone Sensible"|"FR_HZS_00000  "|Non||Non||S080000697210|"Systeme de collecte - FRANCOIS- Mansarde Rancée"|||"97210 : Le François"|21|1|0.00||N/A||N/A||N/A||||20.7500|0.0000|0.0000|0.0000|0.0000|0.0000|0.0000|0.0000|0.0000|0.0000|0.0000|0.0000|0.0000|0.0000|||||||"   PLACE D ARMES BP 213"|97232|LAMENTIN||Non|||N/A|N/A|Inc|"1305:Matières en suspension:Non | 1319:Azote Kjeldahl:Non | 1449:Escherichia coli (E. coli):N/A | 6455:Enterocoques:N/A"|0|0|Non|Non|N/A|Non||N/A||N/A||N/A|||
MARTINIQUE|1|MARTINIQUE|972|"DEAL de Martinique"|"SPE de la Martinique"|080000297211|"Grand'Rivière - SAINTE CATHERINE"|Grand'Rivière|97211|"En activité"|2023|1|1|1|0|"Taille < 200 EH"|0|190|Oui|Oui|N/A|Oui|2025-11-19|Séparatif|"Absence de rejets directs temps sec"|0||080000197211|"GRAND'RIVIERE - SAINTE CATHERINE"|Urbain|1|"En service"|2006-12-31||"Communauté d'Agglomération du Pays Nord Martinique"|"SOCIETE MARTINIQUAISE DES EAUX"|Grand'Rivière|97211|696036|1645069|"UTM Nord fuseau 20"|39|14.8729041|-61.1778765|190|11|0|0|0|"Disques biologiques"|"Epaississement statique gravitaire"|"Arrêté du 21 juillet 2015 relatif à l'assainissement des agglomérations"||"Traitement approprié"|2005-12-31|2005-12-31|||||||Oui|"Traitement secondaire"||||Oui|Valide|Inc|Inc|||Oui||0|0|0|Non|0|0|0|0|0|2|0|0|0|0|0|2025-11-19|"Rejet Sainte Catherine"|"Eau douce de surface"|Martinique|696036|1645069|14.8729041|-61.1778765|Non|"Hors Zone Sensible"|"FR_HZS_00000  "|Non||Non||080000197211|"SC du STEU : Sainte Catherine"|FRJR003|-|"97211 : Grand'Rivière"|0|0|0.00||N/A||N/A||N/A|0|||0.0000|0.0000|0.0000|0.0000|0.0000|0.0000|0.0000|0.0000|0.0000|0.0000|0.0000|0.0000|0.0000|0.0000|"Communauté d'Agglomération du Pays Nord Martinique"|" 39 Lotissement la Marie "|97225|MARIGOT||"SMDS MARTINIQ DISTR SERVICES"|"   PLACE D ARMES BP 213"|97232|LAMENTIN||Inc|||N/A|N/A|N/A|"1305:Matières en suspension:Inc"|0|0|Oui|Oui|N/A|Oui||N/A||N/A||N/A|0||
MARTINIQUE|1|MARTINIQUE|972|"DEAL de Martinique"|"SPE de la Martinique"|080000197211|"Grand'Rivière - STADE GRAND RIVIERE"|Grand'Rivière|97211|"En activité"|2006|1|1|1|0|"Taille < 200 EH"|0|25|Oui|Oui|N/A|Oui|2025-11-19|Unitaire|"Absence de rejets directs temps sec"|0||080000297211|"GRAND'RIVIERE - STADE GRAND RIVIÈRE"|Urbain|1|"En service"|2009-01-01||"Communauté d'Agglomération du Pays Nord Martinique"|"SOC EAUX ET ASSAINISSEMENT"|Grand'Rivière|97211|696283|1644582|"UTM Nord fuseau 20"|39|14.868485|-61.1756185|25|2|0|0|0|"Boue activée faible charge"|"Epaississement statique gravitaire"|"Arrêté du 21 juillet 2015 relatif à l'assainissement des agglomérations"||"Traitement approprié"|2005-12-31|2020-12-31|||||||Oui|"Traitement secondaire"||||Non|"Non valide"|N/A|N/A|||Oui|" "|0|0|0|Non|0|0|0|0|0|0|0|0|0|0|0|2025-11-19|"Rejet Stade"|"Eau douce de surface"|martinique|696283|1644582|14.868485|-61.1756185|Non|"Hors Zone Sensible"|"FR_HZS_00000  "|Non||Non||080000297211|"SC du STEU : Stade"|FRJR003|-|"97211 : Grand'Rivière"|0|0|0.00||N/A||N/A||N/A||||0.0000|0.0000|0.0000|0.0000|0.0000|0.0000|0.0000|0.0000|0.0000|0.0000|0.0000|0.0000|0.0000|0.0000|"Communauté d'Agglomération du Pays Nord Martinique"|" 39 Lotissement la Marie "|97225|MARIGOT||"SMDS MARTINIQ DISTR SERVICES"|"BAT F1 VILLAGE DE R.ROCHE 49 LOT ZAC DE RIVIERE ROCHE "|97200|"FORT DE FRANCE"||Inc|||N/A|N/A|N/A|"1301:Température de l'Eau:Inc | 1302:Potentiel en Hydrogène (pH):Inc | 1305:Matières en suspension:Inc"|0|0|Oui|Oui|N/A|Oui||N/A||N/A||N/A|||
MARTINIQUE|1|MARTINIQUE|972|"DEAL de Martinique"|"SPE de la Martinique"|080000197212|GROS-MORNEBOURG|Gros-Morne|97212|"En activité"|2006|1|1|1|732|"[ 200 ; 2 000 [ EH"|732|1500|Non|Non|N/A|Non|2025-12-11|Séparatif|"Absence de rejets directs temps sec"|0||080000497212|"GROS-MORNE - DENEL"|Urbain|1|"En service"|2010-03-26||"Communauté d'Agglomération du Pays Nord Martinique"|"SOC EAUX ET ASSAINISSEMENT"|Gros-Morne|97212|716374|1628378|"UTM Nord fuseau 20"|39|14.7205092|-60.9903069|1500|90|152|732|210|Biofiltre|Centrifugation|"Arrêté du 21 juillet 2015 relatif à l'assainissement des agglomérations"||"Traitement approprié"|2005-12-31|2024-01-01|||||||Non|"Traitement secondaire"||||Non|"Non valide"|Non|Non|||Non||10.79|0|0|Non|0|0|0|0|0|11|0|0|11|0|0|2025-12-11|"REJET PRINCIPAL DE DENEL"|"Eau douce de surface"|MARTINIQUE|716385|1628274|14.7195686|-60.9902134|Non|"Hors Zone Sensible"|"FR_HZS_00000  "|Non||Non||080000497212|"SYSTEME DE COLLECTE - DENEL"|FRJR106|Galion|"97212 : Gros-Morne"|152|1|0.00||N/A||N/A||N/A|0|Non|Non|209.5300|0.0000|0.0000|0.0000|0.0000|0.0000|0.0000|0.0000|0.0000|0.0000|0.0000|0.0000|0.0000|0.0000|"Communauté d'Agglomération du Pays Nord Martinique"|" 39 Lotissement la Marie "|97225|MARIGOT||"SMDS MARTINIQ DISTR SERVICES"|"BAT F1 VILLAGE DE R.ROCHE 49 LOT ZAC DE RIVIERE ROCHE "|97200|"FORT DE FRANCE"||Non|||N/A|N/A|N/A|"1305:Matières en suspension:Non | 1319:Azote Kjeldahl:N/A"|0|0|Non|Non|N/A|Non||N/A||N/A||N/A|0|Non|Non
MARTINIQUE|1|MARTINIQUE|972|"DEAL de Martinique"|"SPE de la Martinique"|080000697212|"Gros-Morne - LOTISSEMENT SAINT MICHEL"|Gros-Morne|97212|"En activité"|2024|1|1|1|0|"[ 200 ; 2 000 [ EH"|0|385|Oui|Non|Inc|Non|2025-11-19|Unitaire|"Absence de rejets directs temps sec"|0||080000597212|"GROS-MORNE - LOTISSEMENT SAINT MICHEL"|Urbain|1|"En service"|2024-01-01||"ASSOCIATION SYNDICALE LIBRE DU LOTISSEMENT SAINT MICHEL"||Gros-Morne|97212|714510|1626995|"UTM Nord fuseau 20"|39|14.7081621|-61.0077257|385|23|0|0|0|||"Arrêté du 21 juillet 2015 relatif à l'assainissement des agglomérations"||"Traitement approprié"|2005-12-31||||||||Oui|||||Non|"Non valide"|Non|Non|||Non|"Autosurveillance jugée incorrecte par AE /ODE (STEU)"|0|0|0|Non|0|0|0|0|0|0|0|0|0|0|0|2025-11-19|"REJET PRINCIPAL DE Le Robert - LOTISSEMENT SAINT M"|"Eau douce de surface"|MARTINIQUE|||||Non|"Hors Zone Sensible"|"FR_HZS_00000  "|Non||Non||S080000597212|"Systeme de collecte - Le Robert - LOTISSEMENT SAINT MICHEL"|||"97222 : Le Robert"|0|0|0.00||Inc||Inc||Inc||||0.0000|0.0000|0.0000|0.0000|0.0000|0.0000|0.0000|0.0000|0.0000|0.0000|0.0000|0.0000|0.0000|0.0000|||||||||||Non|||Inc|Inc|Inc|"1301:Température de l'Eau:N/A | 1302:Potentiel en Hydrogène (pH):N/A | 1305:Matières en suspension:Non"|||Oui|Non|Inc|Non||Inc||Inc||Inc|||
MARTINIQUE|1|MARTINIQUE|972|"DEAL de Martinique"|"SPE de la Martinique"|080000497212|"Gros-Morne - SALLE POLYVALENTE"|Gros-Morne|97212|"En activité"|2023|1|1|1|0|"Taille < 200 EH"|0|80|Oui|Oui|N/A|Oui|2025-11-19|Unitaire|"Absence de rejets directs temps sec"|0||080000397212|"GROS-MORNE - SALLE POLYVALENTE"|Urbain|1|"En service"|2023-01-01||"Communauté d'Agglomération du Pays Nord Martinique"|"SOC EAUX ET ASSAINISSEMENT"|Gros-Morne|97212|715267|1627276|"UTM Nord fuseau 20"|39|14.7106406|-61.000675|80|5|0|0|0|||"Arrêté du 21 juillet 2015 relatif à l'assainissement des agglomérations"||"Traitement approprié"|2005-12-31||||||||Oui|||||Non|"Non valide"|Inc|Inc|||Oui||0|0|0|Non|0|0|0|0|0|0|0|0|0|0|0|2025-11-19|"REJET PRINCIPAL DE Gros-Morne"|"Eau douce de surface"|MARTINIQUE|||||Non|"Hors Zone Sensible"|"FR_HZS_00000  "|Non||Non||S080000397212|"Systeme de collecte - Gros-Morne"|||"97212 : Gros-Morne"|0|0|0.00||N/A||N/A||N/A||||0.0000|0.0000|0.0000|0.0000|0.0000|0.0000|0.0000|0.0000|0.0000|0.0000|0.0000|0.0000|0.0000|0.0000|||||||"BAT F1 VILLAGE DE R.ROCHE 49 LOT ZAC DE RIVIERE ROCHE "|97200|"FORT DE FRANCE"||Inc|||N/A|N/A|N/A|"1301:Température de l'Eau:Inc | 1302:Potentiel en Hydrogène (pH):Inc | 1305:Matières en suspension:Inc"|0|0|Oui|Oui|N/A|Oui||N/A||N/A||N/A|||
MARTINIQUE|1|MARTINIQUE|972|"DEAL de Martinique"|"SPE de la Martinique"|080000297201|"L'Ajoupa-Bouillon - DESCHAMPS CITE GRENA"|L'Ajoupa-Bouillon|97201|"En activité"|2006|1|1|1|685|"[ 200 ; 2 000 [ EH"|685|850|Non|Inc|N/A|Non|2025-11-19|Séparatif|"Absence de rejets directs temps sec"|0||080000297201|"AJOUPA-BOUILLON - DESCHAMPS CITÉ GRENADE"|Urbain|1|"En service"|2006-12-31||"Communauté d'Agglomération du Pays Nord Martinique"|"SOC EAUX ET ASSAINISSEMENT"|L'Ajoupa-Bouillon|97201|703506|1639070|"UTM Nord fuseau 20"|39|14.8181331|-61.108942|850|51|0|685|178|"Boue activée aération prolongée (très faible charge)"|"Epaississement statique gravitaire"|"Arrêté du 21 juillet 2015 relatif à l'assainissement des agglomérations"|||||||||||Non|"Traitement secondaire"||||Non|"Non valide"|Oui|Oui|||Inc||7.36|0|0|Non|0|0|0|0|0|6|0|0|2|0|0|2025-11-19|"Rejet Deschamps/Cité Grenade"|"Eau douce de surface"|Martinique|703506|1639070|14.8181331|-61.108942|Non|"Hors Zone Sensible"|"FR_HZS_00000  "|Non||Non||080000297201|"SC du STEU : Deschamps/Cité Grenade"|FRJR005|-|"97201 : L'Ajoupa-Bouillon"|0|0|0.00||N/A||N/A||N/A|0|||178.4100|0.0000|0.0000|0.0000|0.0000|0.0000|0.0000|0.0000|0.0000|0.0000|0.0000|0.0000|0.0000|0.0000|"Communauté d'Agglomération du Pays Nord Martinique"|" 39 Lotissement la Marie "|97225|MARIGOT||"SMDS MARTINIQ DISTR SERVICES"|"BAT F1 VILLAGE DE R.ROCHE 49 LOT ZAC DE RIVIERE ROCHE "|97200|"FORT DE FRANCE"||Inc|||N/A|N/A|N/A|"1301:Température de l'Eau:Inc | 1302:Potentiel en Hydrogène (pH):Inc | 1305:Matières en suspension:Oui"|0|0|Non|Inc|N/A|Non||N/A||N/A||N/A|0||
MARTINIQUE|1|MARTINIQUE|972|"DEAL de Martinique"|"SPE de la Martinique"|080000597230|LATRINITE-BELLEVUE|"La Trinité"|97230|"En activité"|2000|1|1|1|681|"[ 200 ; 2 000 [ EH"|681|700|Non|Non|N/A|Non|2025-11-19|Unitaire|"Absence de rejets directs temps sec"|0||080000497230|"TRINITE - BELLEVUE"|Urbain|1|"En service"|2000-03-08||"Communauté d'Agglomération du Pays Nord Martinique"|"SOC EAUX ET ASSAINISSEMENT"|"La Trinité"|97230|714197|1630290|"UTM Nord fuseau 20"|39|14.7379605|-61.0103614|700|42|0|681|40|"Disques biologiques"|"Epaississement statique gravitaire"|||"Traitement approprié"|2005-12-31|2025-01-01|||||||Non|"Traitement approprié"||||Non|"Non valide"|Non|Non|||Non|"Autosurveillance jugée incorrecte par AE /ODE (STEU)"|3.05|0|0|Non|0|0|0|0|0|3|0|0|3|0|0|2025-11-19|"REJET PRINCIPAL DE TRINITE-Bellevue"|"Eau douce de surface"|"MARTINIQUE               "|714163|1630297|14.7380265|-61.0106765|Non|"Hors Zone Sensible"|"FR_HZS_00000  "|Non||Non||S080000497230|"Systeme de collecte - TRINITE-Bellevue"|FRJR106|Galion|"97230 : La Trinité"|0|0|0.00||N/A||N/A||N/A||||39.7400|0.0000|0.0000|0.0000|0.0000|0.0000|0.0000|0.0000|0.0000|0.0000|0.0000|0.0000|0.0000|0.0000|"Communauté d'Agglomération du Pays Nord Martinique"|" 39 Lotissement la Marie "|97225|MARIGOT||"SOC EAUX ET ASSAINISSEMENT"|"BAT F1 VILLAGE DE R.ROCHE 49 LOT ZAC DE RIVIERE ROCHE "|97200|"FORT DE FRANCE"||Non|||N/A|N/A|N/A|"1305:Matières en suspension:Non"|0|0|Non|Non|N/A|Non||N/A||N/A||N/A|||
MARTINIQUE|1|MARTINIQUE|972|"DEAL de Martinique"|"SPE de la Martinique"|080000197230|"La Trinité - DESMARINIERES"|"La Trinité"|97230|"En activité"|1998|1|1|1|5912|"[ 2 000 ; 10 000 [ EH"|5912|10000|Non|Non|Oui|Non|2025-12-01|Séparatif|"Absence de rejets directs temps sec"|0|2021-01-01|080000197230|"TRINITE - DESMARINIERES"|Urbain|1|"En service"|1998-01-01||"Communauté d'Agglomération du Pays Nord Martinique"|"SOCIETE MARTINIQUAISE DES EAUX"|"La Trinité"|97230|720277|1629716|"UTM Nord fuseau 20"|39|14.7322816|-60.9539591|10000|600|1139|5912|781|"Boue activée aération prolongée (très faible charge)"|"Filtration à bande"|"Arrêté du 21 juillet 2015 relatif à l'assainissement des agglomérations"||"Traitement secondaire"|2005-12-31|2024-12-31|||||||Non|"Traitement secondaire"|Dénitrification|Déphosphatation||Non|"Non valide"|Non|Non|||Non|"Point de mesure A2 absent"|54.38|0|0|Non|0|0|54|0|0|0|0|0|0|0|0|2025-12-01|"Rejet DESMARINIERES"|"Eau côtière"|"Océan Atlantique"|719860|1629520|14.7305449|-60.9578472|Non|"Hors Zone Sensible"|"FR_HZS_00000  "|Non||Non||080000197230|"SC du STEU : DESMARINIERES"|FRJC014|"Baie du Galion"|"97230 : La Trinité"|1139|1|0.00||N/A||N/A||N/A|0|||802.2400|0.0000|0.0000|0.0000|0.0000|0.0000|0.0000|0.0000|0.0000|0.0000|0.0000|0.0000|0.0000|0.0000|"Communauté d'Agglomération du Pays Nord Martinique"|" 39 Lotissement la Marie "|97225|MARIGOT||"SOCIETE MARTINIQUAISE DES EAUX"|"   PLACE D ARMES BP 213"|97232|LAMENTIN|||||N/A|N/A|N/A|"1305:Matières en suspension:Non"|0|0|Non|Non|Oui|Non||N/A||N/A||N/A|0||
MARTINIQUE|1|MARTINIQUE|972|"DEAL de Martinique"|"SPE de la Martinique"|080000297230|"La TrinitéTARTANE"|"La Trinité"|97230|"En activité"|2006|1|1|1|3253|"[ 2 000 ; 10 000 [ EH"|3253|2100|Non|Non|Oui|Non|2025-12-01|Séparatif|"Absence de rejets directs temps sec"|0|2021-01-01|080000297230|"TRINITE - TARTANE"|Urbain|1|"En service"|2006-01-01||"Communauté d'Agglomération du Pays Nord Martinique"|"SOCIETE MARTINIQUAISE DES EAUX"|"La Trinité"|97230|723346|1632810|"UTM Nord fuseau 20"|39|14.7599837|-60.9252011|2100|126|735|3253|501|"Boue activée faible charge"|"Lits de séchage"|"Arrêté du 21 juillet 2015 relatif à l'assainissement des agglomérations"||"Traitement secondaire"|2005-12-31|2024-12-31|||||||Non|"Traitement secondaire"||||Non|"Non valide"|Non|Non|||Non|" "|19.74|0|0|Non|0|0|3|0|0|0|0|0|0|0|0|2025-12-01|"Rejet TARTANE"|"Eau côtière"|"Océan Atlantique"|723263|1633281|14.7642463|-60.9259314|Non|"Hors Zone Sensible"|"FR_HZS_00000  "|Non||Non||080000297230|"SC du STEU : TARTANE"|FRJC012|"Baie de La Trinite"|"97230 : La Trinité"|735|1|0.00||N/A||N/A||N/A||||501.4400|0.0000|0.0000|0.0000|0.0000|0.0000|0.0000|0.0000|0.0000|0.0000|0.0000|0.0000|0.0000|0.0000|"Communauté d'Agglomération du Pays Nord Martinique"|" 39 Lotissement la Marie "|97225|MARIGOT||"SOCIETE MARTINIQUAISE DES EAUX"|"   PLACE D ARMES BP 213"|97232|LAMENTIN|||||N/A|N/A|N/A|"1305:Matières en suspension:Non | 1319:Azote Kjeldahl:Non"|0|0|Non|Non|Oui|Non||N/A||N/A||N/A|||
MARTINIQUE|1|MARTINIQUE|972|"DEAL de Martinique"|"SPE de la Martinique"|080000197204|"Le CarbetBOURG"|"Le Carbet"|97204|"En activité"|1981|1|1|1|3060|"[ 2 000 ; 10 000 [ EH"|3060|4000|Non|Non|Oui|Non|2025-12-10|Séparatif|"Absence de rejets directs temps sec"|0|2018-12-31|080000197204|"LE CARBET - BOURG"|Urbain|1|"En service"|2007-01-01||"Communauté d'Agglomération du Pays Nord Martinique"|"SOCIETE MARTINIQUAISE DES EAUX"|"Le Carbet"|97204|696150|1626990|"UTM Nord fuseau 20"|39|14.7095195|-61.1781813|4000|240|959|3060|411|"Boue activée faible charge"|"Filtration à bande"|"Arrêté du 21 juillet 2015 relatif à l'assainissement des agglomérations"|2013-07-19|"Traitement secondaire"|2005-12-31|2024-12-31|||||||Non|"Traitement secondaire"|Dénitrification||Désinfection|Non|"Non valide"|Non|Non|||Non|" "|15.61|0|0|Non|0|0|16|0|0|0|0|0|0|0|0|2025-12-10|"Rejet bourg"|"Eau douce de surface"|"mer caraïbes"|696065|1626965|14.7092998|-61.1789724|Non|"Hors Zone Sensible"|"FR_HZS_00000  "|Non||Non||080000197204|"SC du STEU : bourg"|FRJR119|Carbet|"97204 : Le Carbet"|959|1|0.00||N/A||N/A||N/A||||386.7000|0.0000|0.0000|0.0000|0.0000|0.0000|0.0000|0.0000|0.0000|0.0000|0.0000|0.0000|0.0000|0.0000|"Communauté d'Agglomération du Pays Nord Martinique"|" 39 Lotissement la Marie "|97225|MARIGOT||"SMDS MARTINIQ DISTR SERVICES"|"   PLACE D ARMES BP 213"|97232|LAMENTIN|||||N/A|N/A|N/A|"1305:Matières en suspension:Non | 1449:Escherichia coli (E. coli):Non"|0|0|Non|Non|Oui|Non||N/A||N/A||N/A|||
MARTINIQUE|1|MARTINIQUE|972|"DEAL de Martinique"|"SPE de la Martinique"|080000197206|"Le Diamant"|"Le Diamant"|97206|"En activité"|2006|1|1|1|8055|"[ 2 000 ; 10 000 [ EH"|8055|8300|Non|Non|Oui|Non|2025-12-02|Séparatif|"Absence de rejets directs temps sec"|0|2023-12-31|080000297206|"LE DIAMANT - DIZAC"|Urbain|1|"En service"|2006-01-01||"Communauté d'Agglomération de l'Espace Sud de Martinique"|"SOCIETE MARTINIQUAISE DES EAUX"|"Le Diamant"|97206|711385|1601395|"UTM Nord fuseau 20"|39|14.4770825|-61.0387876|8300|498|0|8055|491|"Boue activée faible charge"|Centrifugation|"Arrêté du 21 juillet 2015 relatif à l'assainissement des agglomérations"||"Traitement secondaire"|2005-12-31|2024-12-31|||||||Non|"Traitement secondaire"|||Désinfection|Non|"Non valide"|Non|Non|||Non|" "|29.88|0|1|Non|0|0|31|0|0|0|0|0|0|0|0|2025-12-02|"Rejet DIZAC"|"Eau douce de surface"|"Mer des Caraïbes"|711510|1601370|14.476847|-61.0376303|Non|"Hors Zone Sensible"|"FR_HZS_00000  "|Non||Non||080000297206|"SC du STEU : DIZAC"|FRJC018|"Baie du Diamant"|"97206 : Le Diamant"|0|0|0.00||N/A||N/A||N/A|0|||468.0600|0.0000|0.0000|0.0000|0.0000|0.0000|0.0000|0.0000|0.0000|0.0000|0.0000|0.0000|0.0000|0.0000|"Communauté d'Agglomération de l'Espace Sud de Martinique"|" Lotissement Frangipanier "|97228|SAINTE-LUCE||"SOCIETE MARTINIQUAISE DES EAUX"|"   PLACE D ARMES BP 213"|97232|LAMENTIN|||||N/A|N/A|N/A|"1305:Matières en suspension:Non | 1449:Escherichia coli (E. coli):Non"|0|0|Non|Non|Oui|Non||N/A||N/A||N/A|0||
MARTINIQUE|1|MARTINIQUE|972|"DEAL de Martinique"|"SPE de la Martinique"|080000197210|"Le François"|"Le François"|97210|"En activité"|1998|1|1|1|7717|"[ 10 000 ; 100 000 [ E"|7717|6666|Non|Non|Oui|Non|2025-12-12|Séparatif|"Absence de rejets directs temps sec"|0|2021-01-01|080000197210|"LE FRANCOIS - POINTE COURCHET"|Urbain|1|"En service"|1998-01-01||"Communauté d'Agglomération de l'Espace Sud de Martinique"|"SOCIETE MARTINIQUAISE DES EAUX"|"Le François"|97210|725710|1617481|"UTM Nord fuseau 20"|39|14.6212821|-60.9045716|6666|400|1776|7717|1097|"Boue activée aération prolongée (très faible charge)"|"Filtration à bande"|"Arrêté du 21 juillet 2015 relatif à l'assainissement des agglomérations"||"Traitement secondaire"|2005-12-31|2024-12-31|||||||Non|"Traitement secondaire"||||Non|"Non valide"|Non|Non|||Non|"Point de mesure A2 absent"|3.21|0|0|Non|0|0|0|0|0|0|0|0|0|0|0|2025-12-12|"Rejet POINTE COURCHET"|"Estuaire (dont étang salé)"|"Océan Atlantique"|726350|1617321|14.6197829|-60.8986466|Non|"Hors Zone Sensible"|"FR_HZS_00000  "|Non||Non||080000197210|"SC du STEU : POINTE COURCHET"|FRJR107|François|"97210 : Le François"|1776|1|0.00||N/A||N/A||N/A||||1031.5800|0.0000|0.0000|0.0000|0.0000|0.0000|0.0000|0.0000|0.0000|0.0000|0.0000|0.0000|0.0000|0.0000|"Communauté d'Agglomération de l'Espace Sud de Martinique"|" Lotissement Frangipanier "|97228|SAINTE-LUCE||"SOCIETE MARTINIQUAISE DES EAUX"|"   PLACE D ARMES BP 213"|97232|LAMENTIN|||||N/A|N/A|N/A|"1305:Matières en suspension:Non"|0|0|Non|Non|Oui|Non||N/A||N/A||N/A|||
MARTINIQUE|1|MARTINIQUE|972|"DEAL de Martinique"|"SPE de la Martinique"|080000297210|"Le François - BONNY CHOPOTTE"|"Le François"|97210|"En activité"|2013|1|1|1|0|"[ 200 ; 2 000 [ EH"|0|250|Non|Non|N/A|Non|2025-12-02|Unitaire|"Absence de rejets directs temps sec"|0||080000297210|"LE FRANCOIS - BONNY CHOPOTTE"|Urbain|1|"En service"|2012-12-31||"Communauté d'Agglomération de l'Espace Sud de Martinique"|"SOCIETE MARTINIQUAISE DES EAUX"|"Le François"|97210|723971|1619339|"UTM Nord fuseau 20"|39|14.6382146|-60.9205502|250|15|0|0|0|"Boue activée moyenne charge"|"Epaississement statique gravitaire"|"Arrêté du 21 juillet 2015 relatif à l'assainissement des agglomérations"||"Traitement approprié"|2005-12-31|2025-01-01|||||||Non|"Traitement approprié"||||Non|"Non valide"|Non|Non|||Non|"Autosurveillance jugée incorrecte par AE /ODE (STEU)"|0|0|0|Non|0|0|0|0|0|0|0|0|0|0|0|2025-12-02|"REJET PRINCIPAL DE FRANCOIS"|"Eau douce de surface"|"MARTINIQUE               "|||||Non|"Hors Zone Sensible"|"FR_HZS_00000  "|Non||Non||S080000297210|"Systeme de collecte - FRANCOIS"|||"97210 : Le François"|0|0|0.00||N/A||N/A||N/A||||0.0000|0.0000|0.0000|0.0000|0.0000|0.0000|0.0000|0.0000|0.0000|0.0000|0.0000|0.0000|0.0000|0.0000|||||||"   PLACE D ARMES BP 213"|97232|LAMENTIN||Non|||N/A|N/A|N/A|"1305:Matières en suspension:Non"|0|0|Non|Non|N/A|Non||N/A||N/A||N/A|||
MARTINIQUE|1|MARTINIQUE|972|"DEAL de Martinique"|"SPE de la Martinique"|080000997213|"Le Lamentin - CLUB NAUTIQUE"|"Le Lamentin"|97213|"En activité"|2022|1|1|1|0|"Taille < 200 EH"|0|120|Non|Oui|N/A|Non|2025-11-19|Séparatif|"Absence de rejets directs temps sec"|0||080000697213|"LE LAMENTIN - CLUB NAUTIQUE"|Urbain|1|"En service"|2022-01-01||"COMMUNAUTE D AGGLOMERATION DU CENTRE DE LA MARTINIQUE"|ODYSSI|"Le Lamentin"|97213|713267|1615647|"UTM Nord fuseau 20"|39|14.6057197|-61.0201867|120|7|0|0|0|||"Arrêté du 21 juillet 2015 relatif à l'assainissement des agglomérations"||"Traitement approprié"|2005-12-31|2023-12-31|||||||Non|||||Non|"Non valide"|Inc|Inc|||Oui|" "|0|0|0|Non|0|0|0|0|0|0|0|0|0|0|0|2025-11-19|"REJET PRINCIPAL DE Le Lamentin Club Nautique"|"Eau douce de surface"|MARTINIQUE|||||Non|"Hors Zone Sensible"|"FR_HZS_00000  "|Non||Non||S080000697213|"Systeme de collecte - Le Lamentin Club Nautique"|||"97213 : Le Lamentin"|0|0|0.00||N/A||N/A||N/A||||0.0000|0.0000|0.0000|0.0000|0.0000|0.0000|0.0000|0.0000|0.0000|0.0000|0.0000|0.0000|0.0000|0.0000|||||||"Lot. Dillon Stade 7-9 rue des Arts et Métiers Bâtiment Flore Gaillard BP162"|97202|FORT-DE-FRANCE||Inc|||N/A|N/A|N/A|"1301:Température de l'Eau:Inc | 1302:Potentiel en Hydrogène (pH):Inc | 1305:Matières en suspension:Inc"|0|0|Non|Oui|N/A|Non||N/A||N/A||N/A|||
MARTINIQUE|1|MARTINIQUE|972|"DEAL de Martinique"|"SPE de la Martinique"|080000197213|"Le Lamentin - GAIGNERON"|"Le Lamentin"|97213|"En activité"|2002|1|1|1|25498|"[ 10 000 ; 100 000 [ E"|25498|35000|Oui|Oui|Oui|Oui|2025-11-21|Séparatif|"Absence de rejets directs temps sec"|0|2021-01-01|080000197213|"LE LAMENTIN - GAIGNERON"|Urbain|1|"En service"|2002-01-01||"COMMUNAUTE D AGGLOMERATION DU CENTRE DE LA MARTINIQUE"|ODYSSI|"Le Lamentin"|97213|716787|1616049|"UTM Nord fuseau 20"|39|14.6090726|-60.9874909|35000|2100|6834|25498|4013|"Boue activée aération prolongée (très faible charge)"|Centrifugation|"Arrêté du 21 juillet 2015 relatif à l'assainissement des agglomérations"||"Traitement secondaire"|2000-12-31|2023-01-01|||||||Oui|"Traitement secondaire"|Dénitrification|Déphosphatation||Non|"Non valide"|Oui|Oui|Oui|Oui|Oui|" "|191.63|0|0|Non|0|0|0|0|0|0|190|0|0|0|0|2025-11-21|"Rejet GAIGNERON"|"Eau douce de surface"|"Mer des Caraïbes"|716193|1616013|14.6087948|-60.9930057|Non|"Hors Zone Sensible"|"FR_HZS_00000  "|Non||Non||080000197213|"SC du STEU : GAIGNERON"|FRJR111|"Lézarde Aval"|"97213 : Le Lamentin"|6834|2|0.00||N/A||N/A||N/A|0|||3797.0600|0.0000|0.0000|0.0000|0.0000|0.0000|0.0000|0.0000|0.0000|0.0000|0.0000|0.0000|0.0000|0.0000|ODYSSI|"Lot. Dillon Stade 7-9 rue des Arts et Métiers Bâtiment Flore Gaillard BP162"|97202|FORT-DE-FRANCE||ODYSSI|"Lot. Dillon Stade 7-9 rue des Arts et Métiers Bâtiment Flore Gaillard BP162"|97202|FORT-DE-FRANCE|||||N/A|N/A|N/A|"1305:Matières en suspension:Oui"|0|0|Oui|Oui|Oui|Oui||N/A||N/A||N/A|0||
MARTINIQUE|1|MARTINIQUE|972|"DEAL de Martinique"|"SPE de la Martinique"|080002097213|"Le Lamentin - LA FAVORITE"|"Le Lamentin"|97213|"En activité"|2024|1|1|1|0|"[ 200 ; 2 000 [ EH"|0|250|Oui|Inc|Inc|Non|2025-11-19|Unitaire|"Absence de rejets directs temps sec"|0||080000897213|"LE LAMENTIN - LA FAVORITE"|Urbain|1|"En service"|2024-01-01|||"SOC EAUX ET ASSAINISSEMENT"|"Le Lamentin"|97213|711776|1618762|"UTM Nord fuseau 20"|39|14.6339844|-61.0337718|250|15|0|0|0|||"Arrêté du 21 juillet 2015 relatif à l'assainissement des agglomérations"||"Traitement approprié"|2005-12-31||||||||Oui|||||Non|"Non valide"|Inc|Inc|||Inc||0|0|0|Non|0|0|0|0|0|0|0|0|0|0|0|2025-11-19|"REJET PRINCIPAL DE Le Lamentin"|"Eau douce de surface"|MARTINIQUE|||||Non|"Hors Zone Sensible"|"FR_HZS_00000  "|Non||Non||S080000897213|"Systeme de collecte - Le Lamentin"|||"97213 : Le Lamentin"|0|0|0.00||Inc||Inc||Inc||||0.0000|0.0000|0.0000|0.0000|0.0000|0.0000|0.0000|0.0000|0.0000|0.0000|0.0000|0.0000|0.0000|0.0000|||||||"BAT F1 VILLAGE DE R.ROCHE 49 LOT ZAC DE RIVIERE ROCHE "|97200|"FORT DE FRANCE"||Inc|||Inc|Inc|Inc|"1301:Température de l'Eau:Inc | 1302:Potentiel en Hydrogène (pH):Inc | 1305:Matières en suspension:Inc"|||Oui|Inc|Inc|Non||Inc||Inc||Inc|||
MARTINIQUE|1|MARTINIQUE|972|"DEAL de Martinique"|"SPE de la Martinique"|080000397213|"Le Lamentin - PELLETIER DESIRADE"|"Le Lamentin"|97213|"En activité"|2006|1|1|1|4560|"[ 2 000 ; 10 000 [ EH"|4560|3500|Non|Non|Oui|Non|2025-11-21|Séparatif|"Absence de rejets directs temps sec"|0|2021-01-01|080000397213|"LE LAMENTIN - PELLETIER DESIRADE"|Urbain|1|"En service"|2006-01-01||"COMMUNAUTE D AGGLOMERATION DU CENTRE DE LA MARTINIQUE"|ODYSSI|"Le Lamentin"|97213|716687|1622576|"UTM Nord fuseau 20"|39|14.6680579|-60.987881|3500|210|163|4560|126|"Boue activée aération prolongée (très faible charge)"|"Filtration à bande"|"Arrêté du 21 juillet 2015 relatif à l'assainissement des agglomérations"||"Traitement secondaire"|2005-12-31|2030-01-01|||||||Non|"Traitement secondaire"||||Non|"Non valide"|Non|Non|||Non|"Autre insuffisance sur le dispositif d'autosurveillance (STEU)"|19.1|0|0|Non|0|0|0|0|0|0|41|0|0|0|0|2025-11-21|"Rejet PELLETIER DESIRADE"|"Eau douce de surface"|"Mer des Caraïbes"|715856|1622509|14.6675192|-60.9955997|Non|"Hors Zone Sensible"|"FR_HZS_00000  "|Non||Non||080000397213|"SC du STEU : PELLETIER DESIRADE"|FRJR112|"Lézarde Moyenne"|"97213 : Le Lamentin"|163|1|0.00||N/A||N/A||N/A|0|||125.4000|0.0000|0.0000|0.0000|0.0000|0.0000|0.0000|0.0000|0.0000|0.0000|0.0000|0.0000|0.0000|0.0000|ODYSSI|"Lot. Dillon Stade 7-9 rue des Arts et Métiers Bâtiment Flore Gaillard BP162"|97202|FORT-DE-FRANCE||ODYSSI|"Lot. Dillon Stade 7-9 rue des Arts et Métiers Bâtiment Flore Gaillard BP162"|97202|FORT-DE-FRANCE|||||N/A|N/A|N/A|"1305:Matières en suspension:Non"|0|0|Non|Non|Oui|Non||N/A||N/A||N/A|0||
MARTINIQUE|1|MARTINIQUE|972|"DEAL de Martinique"|"SPE de la Martinique"|080001997213|"Le Lamentin - RESIDENCE CHAMBORD"|"Le Lamentin"|97213|"En activité"|2024|1|1|1|0|"[ 200 ; 2 000 [ EH"|0|300|Oui|Non|Inc|Non|2025-11-19|Unitaire|"Absence de rejets directs temps sec"|0||080002197213|"LE LAMENTIN - RESIDENCE CHAMBORD"|Urbain|1|"En service"|2024-01-01||"MADININA SYNDIC"|"COTRAM Assainissement"|"Le Lamentin"|97213|714123|1618204|"UTM Nord fuseau 20"|39|14.6287573|-61.0120358|300|18|0|0|0|||"Arrêté du 21 juillet 2015 relatif à l'assainissement des agglomérations"||"Traitement approprié"|2005-12-31||||||||Oui|||||Non|"Non valide"|Non|Non|||Non|"Autosurveillance jugée incorrecte par AE /ODE (STEU)"|0|0|0|Non|0|0|0|0|0|0|0|0|0|0|0|2025-11-19|"REJET PRINCIPAL DE Le Lamentin - RESIDENCE CHAMBOR"|"Eau douce de surface"|MARTINIQUE|||||Non|"Hors Zone Sensible"|"FR_HZS_00000  "|Non||Non||S080002197213|"Systeme de collecte - Le Lamentin - RESIDENCE CHAMBORD"|||"97213 : Le Lamentin"|0|0|0.00||Inc||Inc||Inc||||0.0000|0.0000|0.0000|0.0000|0.0000|0.0000|0.0000|0.0000|0.0000|0.0000|0.0000|0.0000|0.0000|0.0000|||||||"  PELLETIER"|97232|LAMENTIN||Non|||Inc|Inc|Inc|"1301:Température de l'Eau:Non | 1302:Potentiel en Hydrogène (pH):Non | 1305:Matières en suspension:Non"|||Oui|Non|Inc|Non||Inc||Inc||Inc|||
MARTINIQUE|1|MARTINIQUE|972|"DEAL de Martinique"|"SPE de la Martinique"|080000597213|"Le Lamentin - ROCHES CARREES CACEM"|"Le Lamentin"|97213|"En activité"|2000|1|1|1|2|"[ 200 ; 2 000 [ EH"|2|500|Non|Non|N/A|Non|2025-11-19|Unitaire|"Absence de rejets directs temps sec"|0||080000797213|"LE LAMENTIN - ROCHES CARREES"|Urbain|1|"En service"|2017-01-01||"COMMUNAUTE D AGGLOMERATION DU CENTRE DE LA MARTINIQUE"|ODYSSI|"Le Lamentin"|97213|719252|1618479|"UTM Nord fuseau 20"|39|14.630831|-60.9644154|500|30|0|2|24|"Boue activée faible charge"||||"Traitement approprié"|2005-12-31|2025-01-01|||||||Non|"Traitement secondaire"||||Non|"Non valide"|Non|Non|||Non|"Non transmission complète ou incomplète de l'autosurveillance (STEU)"|0|0|0|Non|0|0|0|0|0|0|0|0|0|0|0|2025-11-19|"REJET PRINCIPAL DE LAMENTIN-Roches carrées (CACEM)"|"Eau douce de surface"|MARTINIQUE|||||Non|"Hors Zone Sensible"|"FR_HZS_00000  "|Non||Non||S080000797213|"Systeme de collecte - LAMENTIN-Roches carrées (CACEM)"|||"97213 : Le Lamentin"|0|0|0.00||N/A||N/A||N/A||||0.0600|0.0000|0.0000|0.0000|0.0000|0.0000|0.0000|0.0000|0.0000|0.0000|0.0000|0.0000|0.0000|0.0000|ODYSSI|"Lot. Dillon Stade 7-9 rue des Arts et Métiers Bâtiment Flore Gaillard BP162"|97202|FORT-DE-FRANCE||ODYSSI|"Lot. Dillon Stade 7-9 rue des Arts et Métiers Bâtiment Flore Gaillard BP162"|97202|FORT-DE-FRANCE||Non|||N/A|N/A|N/A|"1305:Matières en suspension:Non"|0|0|Non|Non|N/A|Non||N/A||N/A||N/A|||
MARTINIQUE|1|MARTINIQUE|972|"DEAL de Martinique"|"SPE de la Martinique"|080000797213|LELAMENTIN-SARRAULT|"Le Lamentin"|97213|"En activité"|2018|1|1|1|0|"Taille < 200 EH"|0|150|Oui|Oui|N/A|Oui|2025-12-15|Unitaire|"Absence de rejets directs temps sec"|0||080000597213|"LE LAMENTIN - SARRAULT"|Urbain|1|"En service"|2018-01-01||ODYSSI|ODYSSI|"Le Lamentin"|97213|718958|1619848|"UTM Nord fuseau 20"|39|14.6432248|-60.9670297|150|9|0|0|0|"Boue activée faible charge"||"Arrêté du 21 juillet 2015 relatif à l'assainissement des agglomérations"||"Traitement approprié"|2005-12-31|2018-01-01|||||||Oui|||||Non|"Non valide"|Inc|Inc|||Oui|" "|0|0|0|Non|0|0|0|0|0|0|0|0|0|0|0|2025-12-15|"REJET PRINCIPAL DE LELAMENTIN-SARRAULT"|"Eau douce de surface"|MARTINIQUE|||||Non|"Hors Zone Sensible"|"FR_HZS_00000  "|Non||Non||S080000597213|"Systeme de collecte - LELAMENTIN-SARRAULT"|FRJR112|"Lézarde Moyenne"|"97213 : Le Lamentin"|0|0|0.00||N/A||N/A||N/A||||0.0000|0.0000|0.0000|0.0000|0.0000|0.0000|0.0000|0.0000|0.0000|0.0000|0.0000|0.0000|0.0000|0.0000|ODYSSI|"Lot. Dillon Stade 7-9 rue des Arts et Métiers Bâtiment Flore Gaillard BP162"|97202|FORT-DE-FRANCE||"SOCIETE MARTINIQUAISE DES EAUX"|"Lot. Dillon Stade 7-9 rue des Arts et Métiers Bâtiment Flore Gaillard BP162"|97202|FORT-DE-FRANCE||Inc|||N/A|N/A|N/A|"1301:Température de l'Eau:Inc | 1302:Potentiel en Hydrogène (pH):Inc | 1305:Matières en suspension:Inc"|0|0|Oui|Oui|N/A|Oui||N/A||N/A||N/A|||
MARTINIQUE|1|MARTINIQUE|972|"DEAL de Martinique"|"SPE de la Martinique"|080000897213|"Le Lamentin ZI JAMBETTE"|"Le Lamentin"|97213|"En activité"|2022|1|1|1|100|"[ 200 ; 2 000 [ EH"|100|500|Non|Non|N/A|Non|2025-11-19|Unitaire|"Absence de rejets directs temps sec"|0||080002797213|"LE LAMENTIN - ZI JAMBETTE"|Urbain|1|"En service"|2022-01-01||"COMMUNAUTE D AGGLOMERATION DU CENTRE DE LA MARTINIQUE"|ODYSSI|"Le Lamentin"|97213|711507|1616520|"UTM Nord fuseau 20"|39|14.6137463|-61.0364483|500|30|0|100|429|||"Arrêté du 21 juillet 2015 relatif à l'assainissement des agglomérations"||"Traitement approprié"|2005-12-31|2025-01-01|||||||Non|||||Non|"Non valide"|Non|Non|||Non|"Mauvaises performances"|0|0|0|Non|0|0|0|0|0|0|0|0|0|0|0|2025-11-19|"REJET PRINCIPAL DE ZI JAMBETTE"|"Eau douce de surface"|MARTINIQUE|711489|1616557|14.6140821|-61.0366124|Non|"Hors Zone Sensible"|"FR_HZS_00000  "|Non||Non||080002797213|"Systeme de collecte - ZI JAMBETTE"|||"97213 : Le Lamentin"|0|0|0.00||N/A||N/A||N/A||||1.1700|0.0000|0.0000|0.0000|0.0000|0.0000|0.0000|0.0000|0.0000|0.0000|0.0000|0.0000|0.0000|0.0000|||||||"Lot. Dillon Stade 7-9 rue des Arts et Métiers Bâtiment Flore Gaillard BP162"|97202|FORT-DE-FRANCE||Non|||N/A|N/A|N/A|"1305:Matières en suspension:Non"|0|0|Non|Non|N/A|Non||N/A||N/A||N/A|||
MARTINIQUE|1|MARTINIQUE|972|"DEAL de Martinique"|"SPE de la Martinique"|080000197214|"Le Lorrain"|"Le Lorrain"|97214|"En activité"|2006|1|1|1|1771|"[ 2 000 ; 10 000 [ EH"|1771|2200|Non|Non|N/A|Non|2025-12-11|Séparatif|"Absence de rejets directs temps sec"|0|2021-01-01|080000197214|"LE LORRAIN - SOUS-BOIS (BOURG)"|Urbain|1|"En service"|2006-01-01||"Communauté d'Agglomération du Pays Nord Martinique"|"SOC EAUX ET ASSAINISSEMENT"|"Le Lorrain"|97214|708516|1641060|"UTM Nord fuseau 20"|39|14.835728|-61.0622459|2200|132|611|1771|247|"Boue activée aération prolongée (très faible charge)"|"Lits de séchage"|"Arrêté du 21 juillet 2015 relatif à l'assainissement des agglomérations"||"Traitement secondaire"|2005-12-31|2025-12-31|||||||Non|"Traitement secondaire"||||Non|"Non valide"|Non|Non|||Non|"Mauvaises performances"|18.58|0|0|Non|0|0|0|0|0|19|0|0|19|0|0|2025-12-11|"Rejet BOURG"|"Estuaire (dont étang salé)"|"Océan Atlantique"|708520|1641105|14.8361343|-61.0622051|Non|"Hors Zone Sensible"|"FR_HZS_00000  "|Non||Non||080000197214|"SC du STEU : BOURG"|FRJC004|"Nord-Atlantique, plateau insulaire"|"97214 : Le Lorrain"|611|1|0.00||N/A||N/A||N/A|0|||102.5700|0.0000|0.0000|0.0000|0.0000|0.0000|0.0000|0.0000|0.0000|0.0000|0.0000|0.0000|0.0000|0.0000|"Communauté d'Agglomération du Pays Nord Martinique"|" 39 Lotissement la Marie "|97225|MARIGOT||"SMDS MARTINIQ DISTR SERVICES"|"BAT F1 VILLAGE DE R.ROCHE 49 LOT ZAC DE RIVIERE ROCHE "|97200|"FORT DE FRANCE"|||||N/A|N/A|N/A|"1305:Matières en suspension:Non"|0|0|Non|Non|N/A|Non||N/A||N/A||N/A|0||
MARTINIQUE|1|MARTINIQUE|972|"DEAL de Martinique"|"SPE de la Martinique"|080000597214|"Le Lorrain - VIVE"|"Le Lorrain"|97214|"En activité"|2023|1|1|1|0|"Taille < 200 EH"|0|90|Oui|Oui|N/A|Oui|2025-11-19|Unitaire|"Absence de rejets directs temps sec"|0||080000297214|"LE LORRAIN - VIVE"|Urbain|1|"En service"|2023-01-01||"Communauté d'Agglomération du Pays Nord Martinique"|"SOC EAUX ET ASSAINISSEMENT"|"Le Lorrain"|97214|705764|1642019|"UTM Nord fuseau 20"|39|14.8446078|-61.087734|90|5|0|0|0|||"Arrêté du 21 juillet 2015 relatif à l'assainissement des agglomérations"||"Traitement approprié"|2005-12-31||||||||Oui|||||Non|"Non valide"|Inc|Inc|||Oui||0|0|0|Non|0|0|0|0|0|1|0|0|0|0|0|2025-11-19|"REJET PRINCIPAL DE Le Lorrain"|"Eau douce de surface"|MARTINIQUE|||||Non|"Hors Zone Sensible"|"FR_HZS_00000  "|Non||Non||S080000297214|"Systeme de collecte - Le Lorrain"|||"97214 : Le Lorrain"|0|0|0.00||N/A||N/A||N/A||||0.0000|0.0000|0.0000|0.0000|0.0000|0.0000|0.0000|0.0000|0.0000|0.0000|0.0000|0.0000|0.0000|0.0000|||||||"BAT F1 VILLAGE DE R.ROCHE 49 LOT ZAC DE RIVIERE ROCHE "|97200|"FORT DE FRANCE"||Inc|||N/A|N/A|N/A|"1301:Température de l'Eau:Inc | 1302:Potentiel en Hydrogène (pH):Inc | 1305:Matières en suspension:Inc"|0|0|Oui|Oui|N/A|Oui||N/A||N/A||N/A|||
MARTINIQUE|1|MARTINIQUE|972|"DEAL de Martinique"|"SPE de la Martinique"|080000197216|"Le Marigot"|"Le Marigot"|97216|"En activité"|2006|1|1|1|2150|"[ 200 ; 2 000 [ EH"|2150|1800|Oui|Non|N/A|Non|2025-12-03|Séparatif|"Absence de rejets directs temps sec"|0||080000197216|"MARIGOT - BOURG DU MARIGOT"|Urbain|1|"En service"|2006-01-01||"Communauté d'Agglomération du Pays Nord Martinique"|"SOC EAUX ET ASSAINISSEMENT"|"Le Marigot"|97216|711761|1639545|"UTM Nord fuseau 20"|39|14.8217825|-61.0322262|1800|108|0|2150|267|"Boue activée forte charge"|"Lits de séchage"|"Arrêté du 21 juillet 2015 relatif à l'assainissement des agglomérations"||"Traitement approprié"|2005-12-31|2020-12-31|||||||Oui|"Traitement secondaire"||||Non|"Non valide"|Non|Non|||Non|" "|18.67|0|0|Non|0|0|0|0|0|0|0|0|18|0|0|2025-11-19|"Rejet BOURG"|"Eau côtière"|"Océan Atlantique"|711780|1639534|14.8216816|-61.0320507|Non|"Hors Zone Sensible"|"FR_HZS_00000  "|Non||Non||080000197216|"SC du STEU : BOURG"|FRJC004|"Nord-Atlantique, plateau insulaire"|"97216 : Le Marigot"|0|0|0.00||N/A||N/A||N/A|0|||267.3900|0.0000|0.0000|0.0000|0.0000|0.0000|0.0000|0.0000|0.0000|0.0000|0.0000|0.0000|0.0000|0.0000|"Communauté d'Agglomération du Pays Nord Martinique"|" 39 Lotissement la Marie "|97225|MARIGOT||"SMDS MARTINIQ DISTR SERVICES"|"BAT F1 VILLAGE DE R.ROCHE 49 LOT ZAC DE RIVIERE ROCHE "|97200|"FORT DE FRANCE"||Non|||N/A|N/A|N/A|"1305:Matières en suspension:Non"|0|0|Oui|Non|N/A|Non||N/A||N/A||N/A|0||
MARTINIQUE|1|MARTINIQUE|972|"DEAL de Martinique"|"SPE de la Martinique"|080000197217|"Le Marin - DUPREY"|"Le Marin"|97217|"En activité"|2006|1|1|1|400|"[ 200 ; 2 000 [ EH"|400|250|Oui|Non|N/A|Non|2025-12-02|Séparatif|"Absence de rejets directs temps sec"|0||080000297217|"LE MARIN - DUPREY"|Urbain|1|"En service"|1996-01-01||"Communauté d'Agglomération de l'Espace Sud de Martinique"|"SOCIETE MARTINIQUAISE DES EAUX"|"Le Marin"|97217|727521|1599678|"UTM Nord fuseau 20"|39|14.4602729|-60.8892955|250|15|0|400|20|"Boue activée faible charge"|"Lits de séchage"||||||||||||Oui|"Traitement secondaire"||||Non|"Non valide"|Non|Non|||Non|" "|0|0|0|Non|0|0|0|0|0|0|0|0|0|0|0|2025-12-02|"REJET PRINCIPAL DE MARIN-Duprey"|"Eau douce de surface"|"MARTINIQUE               "|727534|1599676|14.4602537|-60.8891751|Non|"Hors Zone Sensible"|"FR_HZS_00000  "|Non||Non||S080000297217|"Systeme de collecte - MARIN-Duprey"|FRJC010|"Baie du Marin"|"97217 : Le Marin"|0|0|0.00||N/A||N/A|0|N/A|0|||0.0500|0.0000|0.0000|0.0000|0.0000|0.0000|0.0000|0.0000|0.0000|0.0000|0.0000|0.0000|0.0000|0.0000|"Communauté d'Agglomération de l'Espace Sud de Martinique"|" Lotissement Frangipanier "|97228|SAINTE-LUCE||"SOCIETE MARTINIQUAISE DES EAUX"|"   PLACE D ARMES BP 213"|97232|LAMENTIN|||||N/A|N/A|N/A|"1305:Matières en suspension:Non"|0|0|Oui|Non|N/A|Non||N/A||N/A|0|N/A|0||
MARTINIQUE|1|MARTINIQUE|972|"DEAL de Martinique"|"SPE de la Martinique"|080000297217|"Le Marin - SAINT ANNE"|"Le Marin"|97217|"En activité"|2023|1|1|1|7187|"[ 10 000 ; 100 000 [ E"|7187|12500|Oui|Non|Oui|Non|2025-12-12|Séparatif|"Absence de rejets directs temps sec"|0|2023-01-01|080000397217|"LE MARIN - SAINTE-ANNE - QUATRE CHEMINS"|Urbain|1|"En service"|2009-01-01||"Communauté d'Agglomération de l'Espace Sud de Martinique"|"SOCIETE MARTINIQUAISE DES EAUX"|"Le Marin"|97217|731373|1600773|"UTM Nord fuseau 20"|39|14.4698435|-60.8534833|12500|750|1211|7187|609|"Bioréacteur à membrane"|Centrifugation|"Arrêté du 21 juillet 2015 relatif à l'assainissement des agglomérations"|2007-06-15|"Traitement secondaire"|2005-12-31|2008-12-31|||||||Oui|"Traitement secondaire"|Dénitrification|Déphosphatation|Désinfection|Non|"Non valide"|Non|Non|||Non|"Point de mesure A2 absent"|17.71|0|0|Non|0|0|0|0|0|0|0|0|0|0|0|2025-12-12|"Rejet Bourg Nvelle Step"|"Eau douce de surface"|Martinique|730853|1600603|14.4683514|-60.8583198|Non|"Hors Zone Sensible"|"FR_HZS_00000  "|Non||Non||080000397217|"SC du STEU : Bourg Nvelle Step"|FRJC010|"Baie du Marin"|"97217 : Le Marin"|1211|1|0.00||N/A||N/A||N/A|0|||621.8800|0.0000|0.0000|0.0000|0.0000|0.0000|0.0000|0.0000|0.0000|0.0000|0.0000|0.0000|0.0000|0.0000|"Communauté d'Agglomération de l'Espace Sud de Martinique"|" Lotissement Frangipanier "|97228|SAINTE-LUCE||"SOCIETE MARTINIQUAISE DES EAUX"|"   PLACE D ARMES BP 213"|97232|LAMENTIN|||||N/A|N/A|N/A|"1305:Matières en suspension:Non"|0|0|Oui|Non|Oui|Non||N/A||N/A||N/A|0||
MARTINIQUE|1|MARTINIQUE|972|"DEAL de Martinique"|"SPE de la Martinique"|080000797218|"LEMORNE-ROUGECAT SAVANE PETIT"|"Le Morne-Rouge"|97218|"En activité"|2019|1|1|1|0|"Taille < 200 EH"|0|100|Non|Oui|N/A|Non|2025-12-01|Unitaire|"Absence de rejets directs temps sec"|0||080000997218|"LE MORNE-ROUGE - CAT PETITE SAVANE"|Urbain|1|"En service"|2020-01-01||"Communauté d'Agglomération du Pays Nord Martinique"|"SOCIETE MARTINIQUAISE DES EAUX"|"Le Morne-Rouge"|97218|701562|1634443|"UTM Nord fuseau 20"|39|14.7764687|-61.1273584|100|6|0|0|0|||"Arrêté du 21 juillet 2015 relatif à l'assainissement des agglomérations"||"Traitement approprié"|2005-12-31|2023-12-31|||||||Non|||||Non|"Non valide"|Inc|Inc|||Oui||0|0|0|Non|0|0|0|0|0|0|0|0|0|0|0|2025-12-01|"REJET PRINCIPAL DE LELE MORNE ROUGE CAT PETITE SAV"|"Eau douce de surface"|MARTINIQUE|||||Non|"Hors Zone Sensible"|"FR_HZS_00000  "|Non||Non||S080000997218|"Systeme de collecte - LELE MORNE ROUGE CAT PETITE SAVANE"|||"97218 : Le Morne-Rouge"|0|0|0.00||N/A||N/A||N/A||||0.0000|0.0000|0.0000|0.0000|0.0000|0.0000|0.0000|0.0000|0.0000|0.0000|0.0000|0.0000|0.0000|0.0000|||||||"   PLACE D ARMES BP 213"|97232|LAMENTIN||Inc|||N/A|N/A|N/A|"1301:Température de l'Eau:Inc | 1302:Potentiel en Hydrogène (pH):Inc | 1305:Matières en suspension:Inc"|0|0|Non|Oui|N/A|Non||N/A||N/A||N/A|||
MARTINIQUE|1|MARTINIQUE|972|"DEAL de Martinique"|"SPE de la Martinique"|080000197218|"Le Morne-RougeCHAZEAU"|"Le Morne-Rouge"|97218|"En activité"|1987|1|1|1|770|"[ 200 ; 2 000 [ EH"|770|1000|Non|Non|N/A|Non|2025-12-01|Séparatif|"Absence de rejets directs temps sec"|0||080000197218|"LE MORNE-ROUGE - CHAZEAU-O-MULLANE"|Urbain|1|"En service"|1987-12-31||"Communauté d'Agglomération du Pays Nord Martinique"|"SOCIETE MARTINIQUAISE DES EAUX"|"Le Morne-Rouge"|97218|700533|1635495|"UTM Nord fuseau 20"|39|14.7860525|-61.1368338|1000|60|0|770|103|"Boue activée aération prolongée (très faible charge)"|"Lits de séchage"|"Arrêté du 21 juillet 2015 relatif à l'assainissement des agglomérations"||"Traitement approprié"|2005-12-31|2005-12-31|||||||Non|"Traitement secondaire"||||Non|"Non valide"|Non|Non|||Non||0|0|0|Non|0|0|1|0|0|2|0|0|0|0|0|2025-12-01|"Rejet CHAZEAU"|"Eau douce de surface"|"Océan Atlantique"|700553|1635520|14.7862769|-61.1366461|Non|"Hors Zone Sensible"|"FR_HZS_00000  "|Non||Non||080000197218|"SC du STEU : CHAZEAU"|FRJR102|Capot|"97218 : Le Morne-Rouge"|0|0|0.00||N/A||N/A||N/A||||0.5600|0.0000|0.0000|0.0000|0.0000|0.0000|0.0000|0.0000|0.0000|0.0000|0.0000|0.0000|0.0000|0.0000|"Communauté d'Agglomération du Pays Nord Martinique"|" 39 Lotissement la Marie "|97225|MARIGOT||"SMDS MARTINIQ DISTR SERVICES"|"   PLACE D ARMES BP 213"|97232|LAMENTIN||Non|||N/A|N/A|N/A|"1301:Température de l'Eau:N/A | 1302:Potentiel en Hydrogène (pH):N/A | 1305:Matières en suspension:Non"|0|0|Non|Non|N/A|Non||N/A||N/A||N/A|||
MARTINIQUE|1|MARTINIQUE|972|"DEAL de Martinique"|"SPE de la Martinique"|080001197218|"Le Morne-Rouge - CLAUDE BOYER"|"Le Morne-Rouge"|97218|"En activité"|2024|1|1|1|0|"Taille < 200 EH"|0|200|Oui|Oui|N/A|Oui|2025-11-19|Unitaire|"Absence de rejets directs temps sec"|0||080001697218|"LE MORNE-ROUGE - CLAUDE BOYER"|Urbain|1|"En service"|2024-01-01||SIMAR|"SOC EAUX ET ASSAINISSEMENT"|"Le Morne-Rouge"|97218|700680|1635064|"UTM Nord fuseau 20"|39|14.7821467|-61.1355018|200|12|0|0|22|||"Arrêté du 21 juillet 2015 relatif à l'assainissement des agglomérations"||"Traitement approprié"|2005-12-31||||||||Oui|||||Non|"Non valide"|Inc|Inc|||Oui||0|0|0|Non|0|0|0|0|0|0|0|0|0|0|0|2025-11-19|"REJET PRINCIPAL DE Le Morne-Rouge - CLAUDE BOYER"|"Eau douce de surface"|MARTINIQUE|||||Non|"Hors Zone Sensible"|"FR_HZS_00000  "|Non||Non||S080001697218|"Systeme de collecte - Le Morne-Rouge - CLAUDE BOYER"|||"97218 : Le Morne-Rouge"|0|0|0.00||Inc||Inc||Inc||||0.0600|0.0000|0.0000|0.0000|0.0000|0.0000|0.0000|0.0000|0.0000|0.0000|0.0000|0.0000|0.0000|0.0000|||||||"BAT F1 VILLAGE DE R.ROCHE 49 LOT ZAC DE RIVIERE ROCHE "|97200|"FORT DE FRANCE"||Inc|||Inc|Inc|Inc|"1301:Température de l'Eau:N/A | 1302:Potentiel en Hydrogène (pH):N/A | 1305:Matières en suspension:Inc"|||Oui|Oui|N/A|Oui||Inc||Inc||Inc|||
MARTINIQUE|1|MARTINIQUE|972|"DEAL de Martinique"|"SPE de la Martinique"|080000897218|"Le Morne-Rouge HAUT BOURG"|"Le Morne-Rouge"|97218|"En activité"|2022|1|1|1|150|"Taille < 200 EH"|150|120|Non|Inc|N/A|Non|2025-12-01|Unitaire|"Absence de rejets directs temps sec"|0||080001097218|"LE MORNE-ROUGE - HAUT BOURG"|Urbain|1|"En service"|2022-01-01||"Communauté d'Agglomération du Pays Nord Martinique"|"SOCIETE MARTINIQUAISE DES EAUX"|"Le Morne-Rouge"|97218|700447|1634806|"UTM Nord fuseau 20"|39|14.7798327|-61.1376856|120|7|0|150|18|||"Arrêté du 21 juillet 2015 relatif à l'assainissement des agglomérations"||"Traitement approprié"|2005-12-31|2023-12-31|||||||Non|||||Non|"Non valide"|Oui|Oui|||Inc|" "|0|0|0|Non|0|0|0|0|0|0|0|0|0|0|0|2025-12-01|"REJET PRINCIPAL DE Le Morne-Rouge HAUT BOURG"|"Eau douce de surface"|MARTINIQUE|||||Non|"Hors Zone Sensible"|"FR_HZS_00000  "|Non||Non||S080001097218|"Systeme de collecte - Le Morne-Rouge HAUT BOURG"|||"97218 : Le Morne-Rouge"|0|0|0.00||N/A||N/A||N/A||||0.1000|0.0000|0.0000|0.0000|0.0000|0.0000|0.0000|0.0000|0.0000|0.0000|0.0000|0.0000|0.0000|0.0000|||||||"   PLACE D ARMES BP 213"|97232|LAMENTIN||Oui|||N/A|N/A|N/A|"1301:Température de l'Eau:Inc | 1302:Potentiel en Hydrogène (pH):Inc | 1305:Matières en suspension:Oui"|0|0|Non|Inc|N/A|Non||N/A||N/A||N/A|||
MARTINIQUE|1|MARTINIQUE|972|"DEAL de Martinique"|"SPE de la Martinique"|080000497218|"Le Morne-RougePARNASSE"|"Le Morne-Rouge"|97218|"En activité"|1996|1|1|1|13|"Taille < 200 EH"|13|100|Oui|Inc|N/A|Non|2025-12-01|Unitaire|"Absence de rejets directs temps sec"|0||080000497218|"LE MORNE-ROUGE - PARNASSE"|Urbain|1|"En service"|1996-12-31||"Communauté d'Agglomération du Pays Nord Martinique"|"SOCIETE MARTINIQUAISE DES EAUX"|"Le Morne-Rouge"|97218|699608|1632167|"UTM Nord fuseau 20"|39|14.7560478|-61.14568|100|6|0|13|10|"Boue activée aération prolongée (très faible charge)"|"Epaississement statique gravitaire"|"Arrêté du 21 juillet 2015 relatif à l'assainissement des agglomérations"||"Traitement approprié"|2005-12-31|2005-12-31|||||||Oui|"Traitement secondaire"||||Non|"Non valide"|Oui|Oui|||Inc|" "|0|0|0|Non|0|0|0|0|0|0|0|0|0|0|0|2025-12-01|"Rejet PARNASSE"|"Eau douce de surface"|"Mer des Caraïbes"|699220|1632010|14.7546579|-61.1492951|Non|"Hors Zone Sensible"|"FR_HZS_00000  "|Non||Non||080000497218|"SC du STEU : PARNASSE"|FRJR004|-|"97218 : Le Morne-Rouge"|0|0|0.00||N/A||N/A||N/A||||0.0300|0.0000|0.0000|0.0000|0.0000|0.0000|0.0000|0.0000|0.0000|0.0000|0.0000|0.0000|0.0000|0.0000|"Communauté d'Agglomération du Pays Nord Martinique"|" 39 Lotissement la Marie "|97225|MARIGOT||"SOCIETE MARTINIQUAISE DES EAUX"|"   PLACE D ARMES BP 213"|97232|LAMENTIN||Oui|||N/A|N/A|N/A|"1301:Température de l'Eau:Inc | 1302:Potentiel en Hydrogène (pH):Inc | 1305:Matières en suspension:Oui"|0|0|Oui|Inc|N/A|Non||N/A||N/A||N/A|||
MARTINIQUE|1|MARTINIQUE|972|"DEAL de Martinique"|"SPE de la Martinique"|080001097218|"Le Morne-Rouge - VOLCANO"|"Le Morne-Rouge"|97218|"En activité"|2023|1|1|1|0|"Taille < 200 EH"|0|20|Oui|Oui|N/A|Oui|2025-11-19|Unitaire|"Absence de rejets directs temps sec"|0||080001497218|"LE MORNE-ROUGE - VOLCANO"|Urbain|1|"En service"|2023-01-01||"Communauté d'Agglomération du Pays Nord Martinique"|"SOCIETE MARTINIQUAISE DES EAUX"|"Le Morne-Rouge"|97218|700729|1634229|"UTM Nord fuseau 20"|39|14.7745975|-61.1351111|20|1|0|0|0|||"Arrêté du 21 juillet 2015 relatif à l'assainissement des agglomérations"||"Traitement approprié"|2005-12-31||||||||Oui|||||Non|"Non valide"|Inc|Inc|||Oui||0|0|0|Non|0|0|0|0|0|0|0|0|0|0|0|2025-11-19|"REJET PRINCIPAL DE Le Morne-Rouge - VOLCANO"|"Eau douce de surface"|MARTINIQUE|||||Non|"Hors Zone Sensible"|"FR_HZS_00000  "|Non||Non||S080001497218|"Systeme de collecte - Le Morne-Rouge - VOLCANO"|||"97218 : Le Morne-Rouge"|0|0|0.00||N/A||N/A||N/A||||0.0000|0.0000|0.0000|0.0000|0.0000|0.0000|0.0000|0.0000|0.0000|0.0000|0.0000|0.0000|0.0000|0.0000|||||||"   PLACE D ARMES BP 213"|97232|LAMENTIN||Inc|||N/A|N/A|N/A|"1301:Température de l'Eau:Inc | 1302:Potentiel en Hydrogène (pH):Inc | 1305:Matières en suspension:Inc"|0|0|Oui|Oui|N/A|Oui||N/A||N/A||N/A|||
MARTINIQUE|1|MARTINIQUE|972|"DEAL de Martinique"|"SPE de la Martinique"|080000197219|"Le Prêcheur - ANSE BELLEVILLE"|"Le Prêcheur"|97219|"En activité"|1990|1|1|1|50|"[ 200 ; 2 000 [ EH"|50|150|Oui|Oui|N/A|Oui|2025-12-01|Unitaire|"Absence de rejets directs temps sec"|0||080000997219|"PRECHEUR - ANSE BELLEVILLE"|Urbain|1|"En service"|1099-01-01||"Communauté d'Agglomération du Pays Nord Martinique"|"SOCIETE MARTINIQUAISE DES EAUX"|"Le Prêcheur"|97219|690737|1638812|"UTM Nord fuseau 20"|39|14.8167453|-61.2275737|150|9|0|50|25|"Boue activée faible charge"|"Lits de séchage"|||"Traitement approprié"|2005-12-31|2010-01-01|||||||Oui|"Traitement approprié"||||Non|"Non valide"|Oui|Oui|||Oui|" "|0|0|0|Non|0|0|1|0|0|0|0|0|0|0|0|2025-12-01|"REJET PRINCIPAL DE PRECHEUR"|"Eau douce de surface"|"MARTINIQUE               "|||||Non|"Hors Zone Sensible"|"FR_HZS_00000  "|Non||Non||S080000997219|"Systeme de collecte - PRECHEUR"|FRJC002|Nord-Caraibe|"97219 : Le Prêcheur"|0|0|0.00||N/A||N/A||N/A||||0.0700|0.0000|0.0000|0.0000|0.0000|0.0000|0.0000|0.0000|0.0000|0.0000|0.0000|0.0000|0.0000|0.0000|"Communauté d'Agglomération du Pays Nord Martinique"|" 39 Lotissement la Marie "|97225|MARIGOT||"SMDS MARTINIQ DISTR SERVICES"|"   PLACE D ARMES BP 213"|97232|LAMENTIN||Oui|||N/A|N/A|N/A|"1305:Matières en suspension:Oui"|0|0|Oui|Oui|N/A|Oui||N/A||N/A||N/A|||
MARTINIQUE|1|MARTINIQUE|972|"DEAL de Martinique"|"SPE de la Martinique"|080000597219|"Le Prêcheur - CITE COQUETTE"|"Le Prêcheur"|97219|"En activité"|2023|1|1|1|0|"[ 200 ; 2 000 [ EH"|0|200|Oui|Inc|N/A|Non|2025-12-01|Unitaire|"Absence de rejets directs temps sec"|0||080000697219|"PRECHEUR - CITÉ COQUETTE"|Urbain|1|"En service"|1990-01-01||"Communauté d'Agglomération du Pays Nord Martinique"|"SOCIETE MARTINIQUAISE DES EAUX"|"Le Prêcheur"|97219|691213|1637224|"UTM Nord fuseau 20"|39|14.8023605|-61.2232689|200|12|0|0|0|"Boue activée faible charge"|"Epaississement statique gravitaire"|||"Traitement approprié"|2005-12-31|2000-01-01|||||||Oui|"Traitement approprié"||||Non|"Non valide"|Inc|Inc|||Inc||0|0|0|Non|0|0|0|0|0|0|0|0|0|0|0|2025-12-01|"REJET PRINCIPAL DE PRECHEUR-Cité Coquette"|"Eau douce de surface"|"MARTINIQUE               "|||||Non|"Hors Zone Sensible"|"FR_HZS_00000  "|Non||Non||S080000697219|"Systeme de collecte - PRECHEUR-Cité Coquette"|FRJC002|Nord-Caraibe|"97219 : Le Prêcheur"|0|0|0.00||N/A||N/A|0|N/A|0|||0.0000|0.0000|0.0000|0.0000|0.0000|0.0000|0.0000|0.0000|0.0000|0.0000|0.0000|0.0000|0.0000|0.0000|"Communauté d'Agglomération du Pays Nord Martinique"|" 39 Lotissement la Marie "|97225|MARIGOT||"SMDS MARTINIQ DISTR SERVICES"|"   PLACE D ARMES BP 213"|97232|LAMENTIN||Inc|||N/A|N/A|N/A|"1305:Matières en suspension:Inc"|0|0|Oui|Inc|N/A|Non||N/A||N/A|0|N/A|0||
MARTINIQUE|1|MARTINIQUE|972|"DEAL de Martinique"|"SPE de la Martinique"|080000497219|"Le Prêcheur - CITE LENNY SOLIDARITE"|"Le Prêcheur"|97219|"En activité"|2023|1|1|1|0|"Taille < 200 EH"|0|100|Oui|Oui|N/A|Oui|2025-11-19|Unitaire|"Absence de rejets directs temps sec"|0||080000397219|"PRECHEUR - CITE LENNY SOLIDARITE"|Urbain|1|"En service"|2001-01-01||"Communauté d'Agglomération du Pays Nord Martinique"|"SOCIETE MARTINIQUAISE DES EAUX"|"Le Prêcheur"|97219|691463|1636640|"UTM Nord fuseau 20"|39|14.797065|-61.2209898|100|6|0|0|0|"Décantation physique"|"Epaississement statique gravitaire"|||"Traitement approprié"|2005-12-31|2021-01-01|||||||Oui|"Traitement approprié"||||Non|"Non valide"|Inc|Inc|||Oui|"Non transmission de l'autosurveillance"|0|0|0|Non|0|0|0|0|0|0|0|0|0|0|0|2025-11-19|"REJET PRINCIPAL DE PRECHEUR-Cité Lenny/solidarité"|"Eau douce de surface"|"MARTINIQUE               "|||||Non|"Hors Zone Sensible"|"FR_HZS_00000  "|Non||Non||S080000397219|"Systeme de collecte - PRECHEUR-Cité Lenny/solidarité"|FRJC002|Nord-Caraibe|"97219 : Le Prêcheur"|0|0|0.00||N/A||N/A|0|N/A|0|||0.0000|0.0000|0.0000|0.0000|0.0000|0.0000|0.0000|0.0000|0.0000|0.0000|0.0000|0.0000|0.0000|0.0000|"Communauté d'Agglomération du Pays Nord Martinique"|" 39 Lotissement la Marie "|97225|MARIGOT||"SMDS MARTINIQ DISTR SERVICES"|"   PLACE D ARMES BP 213"|97232|LAMENTIN||Inc|||N/A|N/A|N/A|"1305:Matières en suspension:Inc"|0|0|Oui|Oui|N/A|Oui||N/A||N/A|0|N/A|0||
MARTINIQUE|1|MARTINIQUE|972|"DEAL de Martinique"|"SPE de la Martinique"|080000297219|"Le Prêcheur - LA PERLE"|"Le Prêcheur"|97219|"En activité"|2015|1|1|1|0|"[ 200 ; 2 000 [ EH"|0|400|Non|Non|N/A|Non|2025-12-01|Unitaire|"Absence de rejets directs temps sec"|0||080000597219|"PRECHEUR - LA PERLE"|Urbain|1|"En service"|2009-12-31||"Communauté d'Agglomération du Pays Nord Martinique"|"SOCIETE MARTINIQUAISE DES EAUX"|"Le Prêcheur"|97219|691281|1636953|"UTM Nord fuseau 20"|39|14.7999066|-61.2226573|400|24|0|0|80|"Disques biologiques"|"Epaississement statique gravitaire"|"Arrêté du 22 juin 2007 relatif à l'assainissement des agglomérations"||"Traitement approprié"|2005-12-31|2025-01-01|||||||Non|"Traitement approprié"||||Non|"Non valide"|Non|Non|||Non|"Autosurveillance jugée incorrecte par AE /ODE (STEU)"|0|0|0|Non|0|0|0|0|0|0|0|0|0|0|0|2025-12-01|"REJET PRINCIPAL DE PRECHEUR-La Perle"|"Eau douce de surface"|"MARTINIQUE               "|||||Non|"Hors Zone Sensible"|"FR_HZS_00000  "|Non||Non||S080000597219|"Systeme de collecte - PRECHEUR-La Perle"|FRJC002|Nord-Caraibe|"97219 : Le Prêcheur"|0|0|0.00||N/A||N/A|0|N/A|0|||0.2200|0.0000|0.0000|0.0000|0.0000|0.0000|0.0000|0.0000|0.0000|0.0000|0.0000|0.0000|0.0000|0.0000|"Communauté d'Agglomération du Pays Nord Martinique"|" 39 Lotissement la Marie "|97225|MARIGOT||"SMDS MARTINIQ DISTR SERVICES"|"   PLACE D ARMES BP 213"|97232|LAMENTIN||Non|||N/A|N/A|N/A|"1305:Matières en suspension:Non"|0|0|Non|Non|N/A|Non||N/A||N/A|0|N/A|0||
MARTINIQUE|1|MARTINIQUE|972|"DEAL de Martinique"|"SPE de la Martinique"|080000697219|"Le Prêcheur - L'ECOLE"|"Le Prêcheur"|97219|"En activité"|2023|1|1|1|0|"Taille < 200 EH"|0|80|Oui|Oui|N/A|Oui|2025-11-19|Unitaire|"Absence de rejets directs temps sec"|0||080000897219|"PRECHEUR - L'ECOLE"|Urbain|1|"En service"|1990-01-01||"Communauté d'Agglomération du Pays Nord Martinique"|"SOCIETE MARTINIQUAISE DES EAUX"|"Le Prêcheur"|97219|690950|1637101|"UTM Nord fuseau 20"|39|14.8012678|-61.2257209|80|5|0|0|0|"Boue activée faible charge"|"Epaississement statique gravitaire"|||"Traitement approprié"|2005-12-31|2021-01-01|||||||Oui|"Traitement approprié"||||Non|"Non valide"|Inc|Inc|||Oui|"Non transmission de l'autosurveillance"|0|0|0|Non|0|0|0|0|0|0|0|0|0|0|0|2025-11-19|"REJET PRINCIPAL DE PRECHEUR-L'Ecole"|"Eau douce de surface"|"MARTINIQUE               "|||||Non|"Hors Zone Sensible"|"FR_HZS_00000  "|Non||Non||S080000897219|"Systeme de collecte - PRECHEUR-L'Ecole"|FRJC002|Nord-Caraibe|"97219 : Le Prêcheur"|0|0|0.00||N/A||N/A|0|N/A|0|||0.0000|0.0000|0.0000|0.0000|0.0000|0.0000|0.0000|0.0000|0.0000|0.0000|0.0000|0.0000|0.0000|0.0000|"Communauté d'Agglomération du Pays Nord Martinique"|" 39 Lotissement la Marie "|97225|MARIGOT||"SMDS MARTINIQ DISTR SERVICES"|"   PLACE D ARMES BP 213"|97232|LAMENTIN||Inc|||N/A|N/A|N/A|"1305:Matières en suspension:Inc"|0|0|Oui|Oui|N/A|Oui||N/A||N/A|0|N/A|0||
MARTINIQUE|1|MARTINIQUE|972|"DEAL de Martinique"|"SPE de la Martinique"|080000397219|"Le Prêcheur - MORNE FOLIE"|"Le Prêcheur"|97219|"En activité"|2023|1|1|1|195|"[ 200 ; 2 000 [ EH"|195|600|Non|Non|N/A|Non|2025-12-01|Unitaire|"Absence de rejets directs temps sec"|0||080001197219|"PRECHEUR - MORNE FOLIE"|Urbain|1|"En service"|2016-06-01||"Communauté d'Agglomération du Pays Nord Martinique"|"SOCIETE MARTINIQUAISE DES EAUX"|"Le Prêcheur"|97219|691856|1635719|"UTM Nord fuseau 20"|39|14.7887137|-61.2174074|600|36|0|195|22|"Disques biologiques"||"Arrêté du 22 juin 2007 relatif à l'assainissement des agglomérations"|2011-10-18|"Traitement approprié"|2005-12-31|2019-01-01|||||||Non|"Traitement secondaire"|Nitrification|Déphosphatation|Désinfection|Non|"Non valide"|Non|Non|||Non||0|0|0|Non|0|0|0|0|0|0|0|0|0|0|0|2025-12-01|"REJET PRINCIPAL DE PRECHEUR-Morne Folie"|"Eau côtière"|"MARTINIQUE               "|691853|1635545|14.7871415|-61.2174481|Non|"Hors Zone Sensible"|"FR_HZS_00000  "|Non||Non||S080001197219|"Systeme de collecte - PRECHEUR-Morne Folie"|FRJC002|Nord-Caraibe|"97219 : Le Prêcheur"|0|0|0.00||N/A||N/A||N/A||||20.8200|0.0000|0.0000|0.0000|0.0000|0.0000|0.0000|0.0000|0.0000|0.0000|0.0000|0.0000|0.0000|0.0000|"Communauté d'Agglomération du Pays Nord Martinique"|" 39 Lotissement la Marie "|97225|MARIGOT||"SMDS MARTINIQ DISTR SERVICES"|"   PLACE D ARMES BP 213"|97232|LAMENTIN||Non|||N/A|N/A|N/A|"1305:Matières en suspension:Non | 1319:Azote Kjeldahl:N/A"|0|0|Non|Non|N/A|Non||N/A||N/A||N/A|||
MARTINIQUE|1|MARTINIQUE|972|"DEAL de Martinique"|"SPE de la Martinique"|080000197222|"Le Robert - COURBARIL"|"Le Robert"|97222|"En activité"|1980|1|1|1|0|"[ 2 000 ; 10 000 [ EH"|0|0|Non|Inc|Oui|Non|2025-12-12|Séparatif|"Absence de rejets directs temps sec"|0|2021-01-01|080000197222|"LE ROBERT - COURBARIL"|Urbain|1|"En service"|1980-12-31||"Communauté d'Agglomération du Pays Nord Martinique"|"SOCIETE MARTINIQUAISE DES EAUX"|"Le Robert"|97222|721746|1623250|"UTM Nord fuseau 20"|39|14.6737365|-60.9408684|2000|120|814|0|0|"Boue activée aération prolongée (très faible charge)"|"Lits de séchage"|"Arrêté du 21 juillet 2015 relatif à l'assainissement des agglomérations"||"Traitement secondaire"|2005-12-31|2024-12-31|||||||Non|"Traitement secondaire"||||Non|"Non valide"|Inc|Inc|||Inc|"Mauvaises performances"|4.34|0|0|Non|0|0|2|0|0|0|0|0|0|0|0|2025-12-12|"Rejet COURBARIL"|"Eau côtière"|"Océan Atlantique"|721737|1623200|14.6732855|-60.9409562|Non|"Hors Zone Sensible"|"FR_HZS_00000  "|Non||Non||080000197222HS|"SC du STEU : COURBARIL"|FRJC005|"Fond Ouest de la Baie du Robert"|"97222 : Le Robert"|814|1|0.00||N/A||N/A||N/A||||0.0000|0.0000|0.0000|0.0000|0.0000|0.0000|0.0000|0.0000|0.0000|0.0000|0.0000|0.0000|0.0000|0.0000|"Communauté d'Agglomération du Pays Nord Martinique"|" 39 Lotissement la Marie "|97225|MARIGOT||"SOCIETE MARTINIQUAISE DES EAUX"|"   PLACE D ARMES BP 213"|97232|LAMENTIN|||||N/A|N/A|N/A|"1301:Température de l'Eau:Inc | 1302:Potentiel en Hydrogène (pH):Inc | 1305:Matières en suspension:Inc"|||Non|Inc|Oui|Non||N/A||N/A||N/A|||
MARTINIQUE|1|MARTINIQUE|972|"DEAL de Martinique"|"SPE de la Martinique"|080000497222|"Le Robert- FOUR A CHAUX"|"Le Robert"|97222|"En activité"|2006|1|1|1|400|"[ 200 ; 2 000 [ EH"|400|2000|Non|Non|N/A|Non|2025-12-01|Séparatif|"Absence de rejets directs temps sec"|0||080000297222|"LE ROBERT - FOUR A CHAUX"|Urbain|1|"En service"|2006-01-01||"Communauté d'Agglomération du Pays Nord Martinique"|"SOCIETE MARTINIQUAISE DES EAUX"|"Le Robert"|97222|722706|1621120|"UTM Nord fuseau 20"|39|14.6544116|-60.9321387|2000|120|160|400|117|"Boue activée faible charge"|"Lits de séchage"|"Arrêté du 21 juillet 2015 relatif à l'assainissement des agglomérations"||"Traitement approprié"|2005-12-31|2030-12-30|||||||Non|"Traitement secondaire"||||Non|"Non valide"|Non|Non|||Non|"Point de mesure A2 absent"|3.47|0|0|Non|0|0|3|0|0|0|0|0|0|0|0|2025-12-01|"Rejet FOUR A CHAUX"|"Eau douce de surface"|"Océan Atlantique"|722881|1621212|14.6552284|-60.9305068|Non|"Hors Zone Sensible"|"FR_HZS_00000  "|Non||Non||080000297222|"SC du STEU : FOUR A CHAUX"|FRJC005|"Fond Ouest de la Baie du Robert"|"97222 : Le Robert"|160|1|0.00||N/A||N/A||N/A||||2.8700|0.0000|0.0000|0.0000|0.0000|0.0000|0.0000|0.0000|0.0000|0.0000|0.0000|0.0000|0.0000|0.0000|"Communauté d'Agglomération du Pays Nord Martinique"|" 39 Lotissement la Marie "|97225|MARIGOT||"SOCIETE MARTINIQUAISE DES EAUX"|"   PLACE D ARMES BP 213"|97232|LAMENTIN||Non|||N/A|N/A|N/A|"1305:Matières en suspension:Non"|0|0|Non|Non|N/A|Non||N/A||N/A||N/A|||
MARTINIQUE|1|MARTINIQUE|972|"DEAL de Martinique"|"SPE de la Martinique"|080001197222|"Le Robert - LES HAUTS DE MANSARDE"|"Le Robert"|97222|"En activité"|2024|1|1|1|0|"[ 200 ; 2 000 [ EH"|0|400|Oui|Inc|Inc|Non|2025-11-19|Unitaire|"Absence de rejets directs temps sec"|0||080001597222|"LE ROBERT - LES HAUTS DE MANSARDE"|Urbain|1|"En service"|2024-01-01||||"Le Robert"|97222|||"UTM Nord fuseau 20"|39|||400|24|0|0|0|||"Arrêté du 21 juillet 2015 relatif à l'assainissement des agglomérations"||"Traitement approprié"|2005-12-31||||||||Oui|||||Non|"Non valide"|Inc|Inc|||Inc||0|0|0|Non|0|0|0|0|0|0|0|0|0|0|0|2025-11-19|"REJET PRINCIPAL DE Le Robert - LES HAUTS DE MANSAR"|"Eau douce de surface"|MARTINIQUE|||||Non|"Hors Zone Sensible"|"FR_HZS_00000  "|Non||Non||S080001597222|"Systeme de collecte - Le Robert - LES HAUTS DE MANSARDE"|||"97222 : Le Robert"|0|0|0.00||Inc||Inc||Inc||||0.0000|0.0000|0.0000|0.0000|0.0000|0.0000|0.0000|0.0000|0.0000|0.0000|0.0000|0.0000|0.0000|0.0000|||||||||||Inc|||Inc|Inc|Inc|"1301:Température de l'Eau:Inc | 1302:Potentiel en Hydrogène (pH):Inc | 1305:Matières en suspension:Inc"|||Oui|Inc|Inc|Non||Inc||Inc||Inc|||
MARTINIQUE|1|MARTINIQUE|972|"DEAL de Martinique"|"SPE de la Martinique"|080000997222|"Le Robert - MOULIN A VENT"|"Le Robert"|97222|"En activité"|2023|1|1|1|852|"[ 2 000 ; 10 000 [ EH"|852|3000|Non|Oui|Oui|Non|2025-12-01|Séparatif|"Absence de rejets directs temps sec"|0|2023-01-01|080000397222|"LE ROBERT - MOULIN A VENT"|Urbain|1|"En service"|1991-12-31||"Communauté d'Agglomération du Pays Nord Martinique"|"SOCIETE MARTINIQUAISE DES EAUX"|"Le Robert"|97222|720986|1624133|"UTM Nord fuseau 20"|39|14.6817775|-60.9478481|3000|180|361|852|104|"Boue activée aération prolongée (très faible charge)"|"Filtration à bande"|"Arrêté du 7 septembre 2009 relatif à l'assainissement non-collectif"||"Traitement secondaire"|2005-12-31|2023-12-31|||||||Non|"Traitement secondaire"||||Non|"Non valide"|Oui|Oui|||Oui|" "|0|0|0|Non|0|0|0|0|0|0|0|0|0|0|0|2025-12-01|"Rejet MOULIN A VENT"|"Eau douce de surface"|"Océan Atlantique"|720960|1624136|14.6818067|-60.9480892|Non|"Hors Zone Sensible"|"FR_HZS_00000  "|Non||Non||080000397222|"SC du STEU : MOULIN A VENT"|FRJC005|"Fond Ouest de la Baie du Robert"|"97222 : Le Robert"|361|1|0.00||N/A||N/A||N/A||||17.0400|0.0000|0.0000|0.0000|0.0000|0.0000|0.0000|0.0000|0.0000|0.0000|0.0000|0.0000|0.0000|0.0000|"Communauté d'Agglomération du Pays Nord Martinique"|" 39 Lotissement la Marie "|97225|MARIGOT||"SOCIETE MARTINIQUAISE DES EAUX"|"   PLACE D ARMES BP 213"|97232|LAMENTIN|||||N/A|N/A|N/A|"1305:Matières en suspension:Oui"|0|0|Non|Oui|Oui|Non||N/A||N/A||N/A|||
MARTINIQUE|1|MARTINIQUE|972|"DEAL de Martinique"|"SPE de la Martinique"|080000897222|"Le Robert - POINTE LYNCH"|"Le Robert"|97222|"En activité"|2023|1|1|1|317|"[ 200 ; 2 000 [ EH"|317|1000|Non|Non|N/A|Non|2025-12-01|Séparatif|"Absence de rejets directs temps sec"|0||080000597222|"LE ROBERT - POINTE LYNCH"|Urbain|1|"En service"|1988-12-31||"Communauté d'Agglomération du Pays Nord Martinique"|"SOCIETE MARTINIQUAISE DES EAUX"|"Le Robert"|97222|722791|1624230|"UTM Nord fuseau 20"|39|14.6825052|-60.9310858|1000|60|0|317|100|"Boue activée aération prolongée (très faible charge)"|"Lits de séchage"|"Arrêté du 21 juillet 2015 relatif à l'assainissement des agglomérations"||"Traitement approprié"|2005-12-31|2007-12-30|||||||Non|"Traitement secondaire"||||Non|"Non valide"|Non|Non|||Non||0|0|0|Non|0|0|0|0|0|0|0|0|0|0|0|2025-12-01|"Rejet POINTE LYNCH"|"Eau douce de surface"|"Océan Atlantique"|722739|1624242|14.6826179|-60.9315675|Non|"Hors Zone Sensible"|"FR_HZS_00000  "|Non||Non||080000597222|"SC du STEU : POINTE LYNCH"|FRJC005|"Fond Ouest de la Baie du Robert"|"97222 : Le Robert"|0|0|0.00||N/A||N/A||N/A||||0.2700|0.0000|0.0000|0.0000|0.0000|0.0000|0.0000|0.0000|0.0000|0.0000|0.0000|0.0000|0.0000|0.0000|"Communauté d'Agglomération du Pays Nord Martinique"|" 39 Lotissement la Marie "|97225|MARIGOT||"SOCIETE MARTINIQUAISE DES EAUX"|"   PLACE D ARMES BP 213"|97232|LAMENTIN||Non|||N/A|N/A|N/A|"1305:Matières en suspension:Non"|0|0|Non|Non|N/A|Non||N/A||N/A||N/A|||
MARTINIQUE|1|MARTINIQUE|972|"DEAL de Martinique"|"SPE de la Martinique"|080001097222|"Le Robert - PONTALERY"|"Le Robert"|97222|"En activité"|2023|1|1|1|0|"[ 10 000 ; 100 000 [ E"|0|16000|Non|Non|Oui|Non|2025-12-01|Séparatif|"Absence de rejets directs temps sec"|0|2023-01-01|080000697222|"LE ROBERT - PONTALERY"|Urbain|1|"En service"|2023-11-28||"Communauté d'Agglomération du Pays Nord Martinique"|"SOCIETE MARTINIQUAISE DES EAUX"|"Le Robert"|97222|721188|1622279|"UTM Nord fuseau 20"|39|14.6650088|-60.9461295|16000|960|0|0|0|"Boue activée faible charge"|Centrifugation|"Arrêté du 21 juillet 2015 relatif à l'assainissement des agglomérations"|2013-11-21|"Traitement secondaire"|2005-12-31|2025-01-01|||||||Non|"Traitement secondaire"||Déphosphatation||Non|"Non valide"|Non|Non|||Non|"Point de mesure A2 absent"|240|0|0|Non|0|0|0|0|0|0|0|0|0|0|0|2025-12-01|"REJET PRINCIPAL DE ROBERT-Pontalery"|"Eau douce de surface"|"MARTINIQUE               "|||||Non|"Hors Zone Sensible"|"FR_HZS_00000  "|Non||Non||080000697222|"Systeme de collecte - ROBERT-Pontalery"|||"97222 : Le Robert"|0|0|0.00||N/A||N/A||N/A||||0.0000|0.0000|0.0000|0.0000|0.0000|0.0000|0.0000|0.0000|0.0000|0.0000|0.0000|0.0000|0.0000|0.0000|||||||"   PLACE D ARMES BP 213"|97232|LAMENTIN|||||N/A|N/A|N/A|"1305:Matières en suspension:Non | 1449:Escherichia coli (E. coli):Inc | 6455:Enterocoques:Inc"|0|0|Non|Non|Oui|Non||N/A||N/A||N/A|||
MARTINIQUE|1|MARTINIQUE|972|"DEAL de Martinique"|"SPE de la Martinique"|080000297222|"Le RobertVERT-PRE"|"Le Robert"|97222|"En activité"|2006|1|1|1|1730|"[ 2 000 ; 10 000 [ EH"|1730|3000|Non|Non|Oui|Non|2025-12-01|Séparatif|"Absence de rejets directs temps sec"|0|2021-01-01|080000497222|"LE ROBERT - VERT PRE"|Urbain|1|"En service"|2006-01-01||"Communauté d'Agglomération du Pays Nord Martinique"|"SOCIETE MARTINIQUAISE DES EAUX"|"Le Robert"|97222|717130|1624771|"UTM Nord fuseau 20"|39|14.687856|-60.9835875|3000|180|119|1730|78|"Boue activée forte charge"|"Filtration à bande"|"Arrêté du 21 juillet 2015 relatif à l'assainissement des agglomérations"||"Traitement secondaire"|2005-12-31|2024-12-31|||||||Non|"Traitement secondaire"||||Non|"Non valide"|Non|Non|||Non|"Point de mesure A2 absent"|0.53|0|0|Non|0|0|0|0|0|4|0|0|0|0|0|2025-12-01|"Rejet VERT PRE"|"Eau douce de surface"|"Océan Atlantique"|717159|1624749|14.6876549|-60.9833201|Non|"Hors Zone Sensible"|"FR_HZS_00000  "|Non||Non||080000497222|"SC du STEU : VERT PRE"|FRJR113|"Lézarde Amont"|"97222 : Le Robert"|119|1|0.00||N/A||N/A||N/A||||78.1100|0.0000|0.0000|0.0000|0.0000|0.0000|0.0000|0.0000|0.0000|0.0000|0.0000|0.0000|0.0000|0.0000|"Communauté d'Agglomération du Pays Nord Martinique"|" 39 Lotissement la Marie "|97225|MARIGOT||"SOCIETE MARTINIQUAISE DES EAUX"|"   PLACE D ARMES BP 213"|97232|LAMENTIN|||||N/A|N/A|N/A|"1305:Matières en suspension:Non"|0|0|Non|Non|Oui|Non||N/A||N/A||N/A|||
MARTINIQUE|1|MARTINIQUE|972|"DEAL de Martinique"|"SPE de la Martinique"|080000197202|"Les Anses-d'Arlet"|"Les Anses-d'Arlet"|97202|"En activité"|1996|1|1|1|2721|"[ 2 000 ; 10 000 [ EH"|2721|5000|Non|Non|Oui|Non|2025-12-02|Séparatif|"Absence de rejets directs temps sec"|0|2021-12-31|080000197202|"LES ANSES-D'ARLET - BOURG"|Urbain|1|"En service"|1996-01-01||"Communauté d'Agglomération de l'Espace Sud de Martinique"|"SOCIETE MARTINIQUAISE DES EAUX"|"Les Anses-d'Arlet"|97202|707124|1603419|"UTM Nord fuseau 20"|39|14.4956988|-61.0781472|5000|300|667|2721|395|"Boue activée aération prolongée (très faible charge)"|"Filtration à bande"|"Arrêté du 21 juillet 2015 relatif à l'assainissement des agglomérations"||"Traitement secondaire"|2005-12-31|2030-12-31|||||||Non|"Traitement secondaire"|||Désinfection|Non|"Non valide"|Non|Non|||Non|"Mauvaises performances"|0|0|0|Non|0|0|0|0|0|0|0|0|0|0|0|2025-12-02|"Rejet BOURG"|"Eau côtière"|"Mer des Caraïbes"|706249|1602512|14.4875689|-61.0863332|Non|"Hors Zone Sensible"|"FR_HZS_00000  "|Non||Non||080000197202|"SC du STEU : BOURG"|FRJC003|"Anses d'Arlet"|"97202 : Les Anses-d'Arlet"|667|1|0.00||N/A||N/A||N/A||||394.5100|0.0000|0.0000|0.0000|0.0000|0.0000|0.0000|0.0000|0.0000|0.0000|0.0000|0.0000|0.0000|0.0000|"Communauté d'Agglomération de l'Espace Sud de Martinique"|" Lotissement Frangipanier "|97228|SAINTE-LUCE||"SOCIETE MARTINIQUAISE DES EAUX"|"   PLACE D ARMES BP 213"|97232|LAMENTIN|||||N/A|N/A|N/A|"1305:Matières en suspension:Non | 1319:Azote Kjeldahl:Non"|0|0|Non|Non|Oui|Non||N/A||N/A||N/A|||
MARTINIQUE|1|MARTINIQUE|972|"DEAL de Martinique"|"SPE de la Martinique"|080000197231|"Les Trois-Îlets - ANSE MARETTE"|"Les Trois-Îlets"|97231|"En activité"|1992|1|1|1|16044|"[ 10 000 ; 100 000 [ E"|16044|12500|Non|Non|Oui|Non|2025-12-02|Séparatif|"Absence de rejets directs temps sec"|0|2022-12-31|080000197231|"LES TROIS-ILETS - ANSE MARETTE"|Urbain|1|"En service"|1992-01-01||"Communauté d'Agglomération de l'Espace Sud de Martinique"|"SOCIETE MARTINIQUAISE DES EAUX"|"Les Trois-Îlets"|97231|708926|1609250|"UTM Nord fuseau 20"|39|14.5482526|-61.0609745|12500|750|2240|16044|1620|"Boue activée aération prolongée (très faible charge)"|"Filtration à bande"|"Arrêté du 21 juillet 2015 relatif à l'assainissement des agglomérations"||"Traitement secondaire"|2000-12-31|2024-12-31|||||||Non|"Traitement secondaire"||||Non|"Non valide"|Non|Non|||Non|"Point de mesure A2 absent"|66.3|0|1|Non|0|0|0|0|0|0|0|0|0|0|0|2025-12-02|"Rejet ANSE MARETTE"|"Eau côtière"|"Mer des Caraïbes"|711410|1607700|14.5340544|-61.038054|Non|"Hors Zone Sensible"|"FR_HZS_00000  "|Non||Non||080000197231|"SC du STEU : ANSE MARETTE"|FRJC001|"Baie de Genipa"|"97231 : Les Trois-Îlets"|2240|1|0.00||N/A||N/A||N/A|0|||1510.4900|0.0000|0.0000|0.0000|0.0000|0.0000|0.0000|0.0000|0.0000|0.0000|0.0000|0.0000|0.0000|0.0000|"Communauté d'Agglomération de l'Espace Sud de Martinique"|" Lotissement Frangipanier "|97228|SAINTE-LUCE||"SOCIETE MARTINIQUAISE DES EAUX"|"   PLACE D ARMES BP 213"|97232|LAMENTIN|||||N/A|N/A|N/A|"1305:Matières en suspension:Non"|0|0|Non|Non|Oui|Non||N/A||N/A||N/A|0||
MARTINIQUE|1|MARTINIQUE|972|"DEAL de Martinique"|"SPE de la Martinique"|080000197232|"Le VauclinBOURG"|"Le Vauclin"|97232|"En activité"|1979|1|1|1|2409|"[ 2 000 ; 10 000 [ EH"|2409|5000|Non|Non|Oui|Non|2025-12-02|Séparatif|"Absence de rejets directs temps sec"|0|2022-01-01|080000197232|"LE VAUCLIN - BOURG"|Urbain|1|"En service"|1979-01-01||"Communauté d'Agglomération de l'Espace Sud de Martinique"|"SOCIETE MARTINIQUAISE DES EAUX"|"Le Vauclin"|97232|732656|1609410|"UTM Nord fuseau 20"|39|14.5477713|-60.84083|5000|300|992|2409|781|"Boue activée forte charge"|"Filtration à bande"|"Arrêté du 21 juillet 2015 relatif à l'assainissement des agglomérations"||"Traitement secondaire"|2005-12-31|2024-12-31|||||||Non|"Traitement secondaire"||||Non|"Non valide"|Non|Non|N/A|N/A|Non|"Point de mesure A2 absent"|12|0|0|Non|0|0|12|0|0|0|0|0|0|0|0|2025-12-02|"Rejet BOURG"|"Eau côtière"|"Océan Atlantique"|732630|1609590|14.5493998|-60.8410554|Non|"Hors Zone Sensible"|"FR_HZS_00000  "|Non||Non||080000197232|"SC du STEU : BOURG"|FRJC008|"Littoral du Francois au Vauclin"|"97232 : Le Vauclin"|992|1|0.00||N/A||N/A||N/A||||780.7700|0.0000|0.0000|0.0000|0.0000|0.0000|0.0000|0.0000|0.0000|0.0000|0.0000|0.0000|0.0000|0.0000|"Communauté d'Agglomération de l'Espace Sud de Martinique"|" Lotissement Frangipanier "|97228|SAINTE-LUCE||"SOCIETE MARTINIQUAISE DES EAUX"|"   PLACE D ARMES BP 213"|97232|LAMENTIN|||||N/A|N/A|N/A|"1305:Matières en suspension:Non"|0|0|Non|Non|Oui|Non||N/A||N/A||N/A|||
MARTINIQUE|1|MARTINIQUE|972|"DEAL de Martinique"|"SPE de la Martinique"|080000197215|MACOUBA-CASE-PAUL|Macouba|97215|"En activité"|2015|1|1|1|314|"[ 200 ; 2 000 [ EH"|314|500|Non|Non|N/A|Non|2025-12-03|Unitaire|"Absence de rejets directs temps sec"|0||080000297215|"MACOUBA - CASE PAUL"|Urbain|1|"En service"|2015-01-01||"Communauté d'Agglomération du Pays Nord Martinique"|"SOC EAUX ET ASSAINISSEMENT"|Macouba|97215|699684|1645436|"UTM Nord fuseau 20"|39|14.8759488|-61.1439531|500|30|0|314|35|"Boue activée faible charge"|"Epaississement statique gravitaire"|"Arrêté du 22 juin 2007 relatif à l'assainissement des agglomérations"||"Traitement approprié"|2005-12-31|2025-01-01|||||||Non|"Traitement approprié"||||Non|"Non valide"|Non|Non|||Non|"Mauvaises performances"|7.84|0|0|Non|0|0|0|0|0|5|0|0|3|0|0|2025-11-19|"REJET PRINCIPAL DE MACOUBA"|"Eau douce de surface"|"MARTINIQUE               "|699669|1645445|14.8760313|-61.1440918|Non|"Hors Zone Sensible"|"FR_HZS_00000  "|Non||Non||080000297215|"Systeme de collecte - MACOUBA"|FRJC004|"Nord-Atlantique, plateau insulaire"|"97215 : Macouba"|0|0|0.00||N/A||N/A||N/A|0|||34.7700|0.0000|0.0000|0.0000|0.0000|0.0000|0.0000|0.0000|0.0000|0.0000|0.0000|0.0000|0.0000|0.0000|"Communauté d'Agglomération du Pays Nord Martinique"|" 39 Lotissement la Marie "|97225|MARIGOT||"SMDS MARTINIQ DISTR SERVICES"|"BAT F1 VILLAGE DE R.ROCHE 49 LOT ZAC DE RIVIERE ROCHE "|97200|"FORT DE FRANCE"|||||N/A|N/A|N/A|"1305:Matières en suspension:Non"|0|0|Non|Non|N/A|Non||N/A||N/A||N/A|0||
MARTINIQUE|1|MARTINIQUE|972|"DEAL de Martinique"|"SPE de la Martinique"|080000297215|"Macouba - GUERIN"|Macouba|97215|"En activité"|2000|1|1|1|0|"Taille < 200 EH"|0|200|Oui|Oui|N/A|Oui|2025-11-19|Unitaire|"Absence de rejets directs temps sec"|0||080000197215|"MACOUBA - GUERIN"|Urbain|1|"En service"|2000-01-01||"Communauté d'Agglomération du Pays Nord Martinique"|"SOC EAUX ET ASSAINISSEMENT"|Macouba|97215|700301|1645526|"UTM Nord fuseau 20"|39|14.8767157|-61.1382133|200|12|0|0|0|"Boue activée faible charge"|"Epaississement statique gravitaire"|||"Traitement approprié"|2005-12-31|2020-12-31|||||||Oui|"Traitement approprié"||||Non|"Non valide"|Inc|Inc|||Oui||0|0|0|Non|0|0|0|0|0|0|0|0|0|0|0|2025-11-19|"REJET PRINCIPAL DE MACOUBA-Guérin"|"Eau douce de surface"|"MARTINIQUE               "|700292|1645535|14.8767977|-61.1382963|Non|"Hors Zone Sensible"|"FR_HZS_00000  "|Non||Non||S080000197215|"Systeme de collecte - MACOUBA-Guérin"|FRJC004|"Nord-Atlantique, plateau insulaire"|"97215 : Macouba"|0|0|0.00||N/A||N/A||N/A||||0.0000|0.0000|0.0000|0.0000|0.0000|0.0000|0.0000|0.0000|0.0000|0.0000|0.0000|0.0000|0.0000|0.0000|"Communauté d'Agglomération du Pays Nord Martinique"|" 39 Lotissement la Marie "|97225|MARIGOT||"SMDS MARTINIQ DISTR SERVICES"|"BAT F1 VILLAGE DE R.ROCHE 49 LOT ZAC DE RIVIERE ROCHE "|97200|"FORT DE FRANCE"||Inc|||N/A|N/A|N/A|"1301:Température de l'Eau:Inc | 1302:Potentiel en Hydrogène (pH):Inc | 1305:Matières en suspension:Inc"|0|0|Oui|Oui|N/A|Oui||N/A||N/A||N/A|||
MARTINIQUE|1|MARTINIQUE|972|"DEAL de Martinique"|"SPE de la Martinique"|080000597218|"MORNE-ROUGE-ADAPEI CHAMPFLORE"|"Le Morne-Rouge"|97218|"En activité"|1990|1|1|1|28|"[ 200 ; 2 000 [ EH"|28|200|Oui|Oui|N/A|Oui|2025-12-01|Unitaire|"Absence de rejets directs temps sec"|0||080000597218|"LE MORNE-ROUGE - ADAPEI CHAMPFLORE"|Urbain|1|"En service"|1990-01-01||"Communauté d'Agglomération du Pays Nord Martinique"|"SOCIETE MARTINIQUAISE DES EAUX"|"Le Morne-Rouge"|97218|700518|1635852|"UTM Nord fuseau 20"|39|14.7892797|-61.1369456|200|12|0|28|10|"Boue activée faible charge"|"Epaississement statique gravitaire"|||"Traitement approprié"|2005-12-31|2000-01-01|||||||Oui|"Traitement approprié"||||Non|"Non valide"|Oui|Oui|||Oui|" "|0|0|0|Non|0|0|0|0|0|0|0|0|0|0|0|2025-12-01|"REJET PRINCIPAL DE MORNE-ROUGE-Adapei Champflore"|"Eau douce de surface"|"MARTINIQUE               "|||||Non|"Hors Zone Sensible"|"FR_HZS_00000  "|Non||Non||S080000597218|"Systeme de collecte - MORNE-ROUGE-Adapei Champflore"|FRJR102|Capot|"97218 : Le Morne-Rouge"|0|0|0.00||N/A||N/A||N/A||||0.0300|0.0000|0.0000|0.0000|0.0000|0.0000|0.0000|0.0000|0.0000|0.0000|0.0000|0.0000|0.0000|0.0000|"Communauté d'Agglomération du Pays Nord Martinique"|" 39 Lotissement la Marie "|97225|MARIGOT||"SMDS MARTINIQ DISTR SERVICES"|"   PLACE D ARMES BP 213"|97232|LAMENTIN||Oui|||N/A|N/A|N/A|"1305:Matières en suspension:Oui"|0|0|Oui|Oui|N/A|Oui||N/A||N/A||N/A|||
MARTINIQUE|1|MARTINIQUE|972|"DEAL de Martinique"|"SPE de la Martinique"|080000297218|"MORNE-ROUGE-FOND ROSE"|"Le Morne-Rouge"|97218|"En activité"|1996|1|1|1|0|"[ 200 ; 2 000 [ EH"|0|175|Oui|Inc|N/A|Non|2025-12-01|Séparatif|"Absence de rejets directs temps sec"|0||080000297218|"LE MORNE-ROUGE - FOND ROSE"|Urbain|1|"En service"|1996-12-31||"Communauté d'Agglomération du Pays Nord Martinique"|"SOCIETE MARTINIQUAISE DES EAUX"|"Le Morne-Rouge"|97218|701575|1634049|"UTM Nord fuseau 20"|39|14.7729073|-61.1272682|175|11|0|0|0|"Boue activée aération prolongée (très faible charge)"|"Epaississement statique gravitaire"|"Arrêté du 21 juillet 2015 relatif à l'assainissement des agglomérations"||"Traitement approprié"|2005-12-31|2005-12-31|||||||Oui|"Traitement secondaire"||||Non|"Non valide"|Inc|Inc|||Inc|"Mauvaises performances"|0|0|0|Non|0|0|0|0|0|0|0|0|0|0|0|2025-12-01|"Rejet FOND ROSE"|"Eau douce de surface"|"Océan Atlantique"|701000|1633763|14.7703661|-61.1326303|Non|"Hors Zone Sensible"|"FR_HZS_00000  "|Non||Non||080000297218|"SC du STEU : FOND ROSE"|FRJR005|-|"97218 : Le Morne-Rouge"|0|0|0.00||N/A||N/A||N/A||||0.0000|0.0000|0.0000|0.0000|0.0000|0.0000|0.0000|0.0000|0.0000|0.0000|0.0000|0.0000|0.0000|0.0000|"Communauté d'Agglomération du Pays Nord Martinique"|" 39 Lotissement la Marie "|97225|MARIGOT||"SMDS MARTINIQ DISTR SERVICES"|"   PLACE D ARMES BP 213"|97232|LAMENTIN||Inc|||N/A|N/A|N/A|"1305:Matières en suspension:Inc"|0|0|Oui|Inc|N/A|Non||N/A||N/A||N/A|||
MARTINIQUE|1|MARTINIQUE|972|"DEAL de Martinique"|"SPE de la Martinique"|080000397218|MORNE-ROUGE-GALETTE|"Le Morne-Rouge"|97218|"En activité"|1996|1|1|1|240|"[ 200 ; 2 000 [ EH"|240|250|Non|Non|N/A|Non|2025-12-01|Unitaire|"Absence de rejets directs temps sec"|0||080000397218|"LE MORNE-ROUGE - GALETTE"|Urbain|1|"En service"|1996-12-31||"Communauté d'Agglomération du Pays Nord Martinique"|"SOCIETE MARTINIQUAISE DES EAUX"|"Le Morne-Rouge"|97218|700741|1633732|"UTM Nord fuseau 20"|39|14.7701054|-61.135038|250|15|0|240|30|"Boue activée faible charge"|"Lits de séchage"|"Arrêté du 21 juillet 2015 relatif à l'assainissement des agglomérations"||"Traitement approprié"|2005-12-31|2025-01-01|||||||Non|"Traitement secondaire"||||Non|"Non valide"|Non|Non|||Non||0|0|0|Non|0|0|0|0|0|0|0|0|0|0|0|2025-12-01|"Rejet GALETTE"|"Eau douce de surface"|"Mer des Caraïbes"|700950|1633338|14.7665293|-61.1331274|Non|"Hors Zone Sensible"|"FR_HZS_00000  "|Non||Non||080000397218|"SC du STEU : GALETTE"|FRJR004|-|"97218 : Le Morne-Rouge"|0|0|0.00||N/A||N/A||N/A||||0.0800|0.0000|0.0000|0.0000|0.0000|0.0000|0.0000|0.0000|0.0000|0.0000|0.0000|0.0000|0.0000|0.0000|"Communauté d'Agglomération du Pays Nord Martinique"|" 39 Lotissement la Marie "|97225|MARIGOT||"SMDS MARTINIQ DISTR SERVICES"|"   PLACE D ARMES BP 213"|97232|LAMENTIN||Non|||N/A|N/A|N/A|"1305:Matières en suspension:Non"|0|0|Non|Non|N/A|Non||N/A||N/A||N/A|||
MARTINIQUE|1|MARTINIQUE|972|"DEAL de Martinique"|"SPE de la Martinique"|080000697218|"MORNE-ROUGE-GRAND CHAZEAU (CAP21)"|"Le Morne-Rouge"|97218|"En activité"|2016|1|1|1|704|"[ 200 ; 2 000 [ EH"|704|500|Non|Non|N/A|Non|2025-12-01|Unitaire|"Absence de rejets directs temps sec"|0||080001197218|"LE MORNE-ROUGE - CAMP CHAZEAU (CAP21)"|Urbain|1|"En service"|2016-12-31||"Communauté d'Agglomération du Pays Nord Martinique"|"SOCIETE MARTINIQUAISE DES EAUX"|"Le Morne-Rouge"|97218|700833|1635792|"UTM Nord fuseau 20"|39|14.7887138|-61.1340246|500|30|0|704|65|"Boue activée faible charge"||||"Traitement approprié"|2005-12-31|2030-01-01|||||||Non|"Traitement secondaire"||||Non|"Non valide"|Non|Non|||Non||0|0|0|Non|0|0|3|0|0|0|0|0|0|0|0|2025-12-01|"REJET PRINCIPAL DE MORNE-ROUGE"|"Eau douce de surface"|MARTINIQUE|||||Non|"Hors Zone Sensible"|"FR_HZS_00000  "|Non||Non||S080001197218|"Systeme de collecte - MORNE-ROUGE"|FRJR102|Capot|"97218 : Le Morne-Rouge"|0|0|0.00||N/A||N/A||N/A||||0.1800|0.0000|0.0000|0.0000|0.0000|0.0000|0.0000|0.0000|0.0000|0.0000|0.0000|0.0000|0.0000|0.0000|"Communauté d'Agglomération du Pays Nord Martinique"|" 39 Lotissement la Marie "|97225|MARIGOT||"SOCIETE MARTINIQUAISE DES EAUX"|"   PLACE D ARMES BP 213"|97232|LAMENTIN||Non|||N/A|N/A|N/A|"1305:Matières en suspension:Non"|0|0|Non|Non|N/A|Non||N/A||N/A||N/A|||
MARTINIQUE|1|MARTINIQUE|972|"DEAL de Martinique"|"SPE de la Martinique"|080000197233|"MORNE-VERT-LA VIGIE"|"Le Morne-Vert"|97233|"En activité"|2005|1|1|1|587|"[ 200 ; 2 000 [ EH"|587|300|Non|Non|N/A|Non|2025-12-01|Unitaire|"Absence de rejets directs temps sec"|0||080000197233|"LE MORNE-VERT - LA VIGIE"|Urbain|1|"En service"|2009-01-01||"Communauté d'Agglomération du Pays Nord Martinique"|"SOCIETE MARTINIQUAISE DES EAUX"|"Le Morne-Vert"|97233|699657|1626239|"UTM Nord fuseau 20"|39|14.7024747|-61.1456781|300|18|0|587|40|"Disques biologiques"|"Epaississement statique gravitaire"|"Arrêté du 22 juin 2007 relatif à l'assainissement des agglomérations"|2008-03-10|"Traitement approprié"|2005-12-31|2025-01-01|||||||Non|"Traitement approprié"||||Non|"Non valide"|Non|Non|||Non||0|0|0|Non|0|0|0|0|0|0|0|0|0|0|0|2025-12-01|"REJET PRINCIPAL DE MORNE-VERT-La Vigie"|"Eau douce de surface"|"MARTINIQUE               "|||||Non|"Hors Zone Sensible"|"FR_HZS_00000  "|Non||Non||S080000197233|"Systeme de collecte - MORNE-VERT-La Vigie"|FRJC002|Nord-Caraibe|"97233 : Le Morne-Vert"|0|0|0.00||N/A||N/A||N/A||||0.1100|0.0000|0.0000|0.0000|0.0000|0.0000|0.0000|0.0000|0.0000|0.0000|0.0000|0.0000|0.0000|0.0000|"Communauté d'Agglomération du Pays Nord Martinique"|" 39 Lotissement la Marie "|97225|MARIGOT||"SMDS MARTINIQ DISTR SERVICES"|"   PLACE D ARMES BP 213"|97232|LAMENTIN||Non|||N/A|N/A|N/A|"1305:Matières en suspension:Non"|0|0|Non|Non|N/A|Non||N/A||N/A||N/A|||
MARTINIQUE|1|MARTINIQUE|972|"DEAL de Martinique"|"SPE de la Martinique"|080000197220|RIVIERE-PILOTE-MANIKOU|Rivière-Pilote|97220|"En activité"|2006|1|3|3|316|"[ 200 ; 2 000 [ EH"|316|2250|Non|Non|N/A|Non|2025-12-02|Mixte|"Absence de rejets directs temps sec"|0||080000197220|"RIVIERE-PILOTE - MANIKOU"|Urbain|1|"En service"|2006-01-01||"Communauté d'Agglomération de l'Espace Sud de Martinique"|"SOCIETE MARTINIQUAISE DES EAUX"|Rivière-Pilote|97220|725974|1601953|"UTM Nord fuseau 20"|39|14.480957|-60.9034471|650|39|0|200|75|"Disques biologiques"|"Epaississement statique gravitaire"|"Arrêté du 21 juillet 2015 relatif à l'assainissement des agglomérations"||"Traitement approprié"|2005-12-31|2025-01-01|||||||Non|"Traitement secondaire"||||Non|"Non valide"|Non|Non|||Non|"Mauvaises performances"|0|0|0|Non|0|0|0|0|0|0|0|0|0|0|0|2025-12-02|"Rejet MANIKOU"|"Eau douce de surface"|"Mer des Caraïbes"|725984|1601926|14.4807122|-60.9033567|Non|"Hors Zone Sensible"|"FR_HZS_00000  "|Non||Non||080000197220|"SC du STEU : MANIKOU"|FRJR108|"Grande Rivière Pilote"|"97220 : Rivière-Pilote | 97220 : Rivière-Pilote | 97220 : Rivière-Pilote"|0|0|0.00||N/A||N/A||N/A||||0.2000|0.0000|0.0000|0.0000|0.0000|0.0000|0.0000|0.0000|0.0000|0.0000|0.0000|0.0000|0.0000|0.0000|||||||"   PLACE D ARMES BP 213"|97232|LAMENTIN||Non|||N/A|N/A|N/A|"1305:Matières en suspension:Non"|0|0|Non|Non|N/A|Non||N/A||N/A||N/A|||
MARTINIQUE|1|MARTINIQUE|972|"DEAL de Martinique"|"SPE de la Martinique"|080000197221|Rivière-Salée|Rivière-Salée|97221|"En activité"|1999|1|1|1|9296|"[ 2 000 ; 10 000 [ EH"|9296|7000|Non|Non|Oui|Non|2025-12-02|Séparatif|"Absence de rejets directs temps sec"|0|2022-01-01|080000197221|"RIVIERE-SALEE - BOURG GRAND CASE"|Urbain|1|"En service"|1999-01-01||"Communauté d'Agglomération de l'Espace Sud de Martinique"|"SOCIETE MARTINIQUAISE DES EAUX"|Rivière-Salée|97221|717966|1608710|"UTM Nord fuseau 20"|39|14.5426635|-60.977156|7000|420|1847|9296|1067|"Boue activée aération prolongée (très faible charge)"|"Filtration à bande"|"Arrêté du 21 juillet 2015 relatif à l'assainissement des agglomérations"||"Traitement secondaire"|2005-12-31|2024-12-31|||||||Non|"Traitement secondaire"||||Non|"Non valide"|Non|Non|||Non||3.76|8|0|Non|0|0|0|0|0|0|0|0|0|0|0|2025-12-02|"Rejet BOURG Grd Case"|"Eau douce de surface"|"Mer des Caraïbes"|717983|1608740|14.5429332|-60.9769958|Non|"Hors Zone Sensible"|"FR_HZS_00000  "|Non||Non||080000197221|"SC du STEU : BOURG Grd Case"|FRJR110|Salée|"97221 : Rivière-Salée"|1847|1|0.00||N/A||N/A||N/A||||1066.8600|0.0000|0.0000|0.0000|0.0000|0.0000|0.0000|0.0000|0.0000|0.0000|0.0000|0.0000|0.0000|0.0000|"Communauté d'Agglomération de l'Espace Sud de Martinique"|" Lotissement Frangipanier "|97228|SAINTE-LUCE||"SOCIETE MARTINIQUAISE DES EAUX"|"   PLACE D ARMES BP 213"|97232|LAMENTIN|||||N/A|N/A|N/A|"1302:Potentiel en Hydrogène (pH):N/A | 1305:Matières en suspension:Non"|0|0|Non|Non|Oui|Non||N/A||N/A||N/A|||
MARTINIQUE|1|MARTINIQUE|972|"DEAL de Martinique"|"SPE de la Martinique"|080000297221|RIVIERE-SALEE-FOND-MASSON|Rivière-Salée|97221|"En activité"|1990|1|1|1|288|"[ 200 ; 2 000 [ EH"|288|450|Non|Non|N/A|Non|2025-12-02|Unitaire|"Absence de rejets directs temps sec"|0||080000297221|"RIVIERE-SALEE - FOND MASSON"|Urbain|1|"En service"|1990-01-01||"Communauté d'Agglomération de l'Espace Sud de Martinique"|"SOCIETE MARTINIQUAISE DES EAUX"|Rivière-Salée|97221|722255|1608570|"UTM Nord fuseau 20"|39|14.5410514|-60.9373816|450|27|0|288|72|"Boue activée faible charge"|"Epaississement statique gravitaire"|"Arrêté du 22 juin 2007 relatif à l'assainissement des agglomérations"||"Traitement approprié"|2005-12-31|2025-01-01|||||||Non|"Traitement approprié"||||Non|"Non valide"|Non|Non|||Non||0|0|0|Non|0|0|0|0|0|0|0|0|0|0|0|2025-12-02|"REJET PRINCIPAL DE RIVIERE-SALEE-Fond-Masson"|"Eau douce de surface"|"MARTINIQUE               "|||||Non|"Hors Zone Sensible"|"FR_HZS_00000  "|Non||Non||S080000297221|"Systeme de collecte - RIVIERE-SALEE-Fond-Masson"|FRJR110|Salée|"97221 : Rivière-Salée"|0|0|0.00||N/A||N/A|0|N/A|0|||0.2000|0.0000|0.0000|0.0000|0.0000|0.0000|0.0000|0.0000|0.0000|0.0000|0.0000|0.0000|0.0000|0.0000|"Communauté d'Agglomération de l'Espace Sud de Martinique"|" Lotissement Frangipanier "|97228|SAINTE-LUCE||"SOCIETE MARTINIQUAISE DES EAUX"|"   PLACE D ARMES BP 213"|97232|LAMENTIN||Non|||N/A|N/A|N/A|"1305:Matières en suspension:Non"|0|0|Non|Non|N/A|Non||N/A||N/A|0|N/A|0||
MARTINIQUE|1|MARTINIQUE|972|"DEAL de Martinique"|"SPE de la Martinique"|080000397221|RIVIERE-SALEE-KANEL|Rivière-Salée|97221|"En activité"|1990|1|1|1|0|"[ 200 ; 2 000 [ EH"|0|200|Oui|Inc|N/A|Non|2025-12-02|Unitaire|"Absence de rejets directs temps sec"|0||080000397221|"RIVIERE-SALEE - KANEL"|Urbain|1|"En service"|1990-01-01||"Communauté d'Agglomération de l'Espace Sud de Martinique"|"SOCIETE MARTINIQUAISE DES EAUX"|Rivière-Salée|97221|719433|1604473|"UTM Nord fuseau 20"|39|14.5042606|-60.9638979|200|12|0|0|0|"Boue activée faible charge"|"Epaississement statique gravitaire"|||"Traitement approprié"|2005-12-31|2000-01-01|||||||Oui|"Traitement approprié"||||Non|"Non valide"|Inc|Inc|||Inc||0|0|0|Non|0|0|0|0|0|0|0|0|0|0|0|2025-12-02|"REJET PRINCIPAL DE RIVIERE-SALEE-Kanel"|"Eau douce de surface"|"MARTINIQUE               "|||||Non|"Hors Zone Sensible"|"FR_HZS_00000  "|Non||Non||S080000397221|"Systeme de collecte - RIVIERE-SALEE-Kanel"|FRJR108|"Grande Rivière Pilote"|"97221 : Rivière-Salée"|0|0|0.00||N/A||N/A||N/A||||0.0000|0.0000|0.0000|0.0000|0.0000|0.0000|0.0000|0.0000|0.0000|0.0000|0.0000|0.0000|0.0000|0.0000|"Communauté d'Agglomération de l'Espace Sud de Martinique"|" Lotissement Frangipanier "|97228|SAINTE-LUCE||"SOCIETE MARTINIQUAISE DES EAUX"|"   PLACE D ARMES BP 213"|97232|LAMENTIN||Inc|||N/A|N/A|N/A|"1305:Matières en suspension:Inc"|0|0|Oui|Inc|N/A|Non||N/A||N/A||N/A|||
MARTINIQUE|1|MARTINIQUE|972|"DEAL de Martinique"|"SPE de la Martinique"|080000997221|"Rivière-Salée - LOTISSEMENT LA SAGESSE"|Rivière-Salée|97221|"En activité"|2024|1|1|1|0|"[ 200 ; 2 000 [ EH"|0|380|Oui|Inc|Inc|Non|2025-11-19|Unitaire|"Absence de rejets directs temps sec"|0||080000697221|"RIVIERE-SALEE - LOTISSEMENT LA SAGESSE"|Urbain|1|"En service"|2024-01-01||||Rivière-Salée|97221|718264|1604133|"UTM Nord fuseau 20"|39|14.5012822|-60.9747681|380|23|0|0|0|||"Arrêté du 21 juillet 2015 relatif à l'assainissement des agglomérations"||"Traitement approprié"|2005-12-31||||||||Oui|||||Non|"Non valide"|Inc|Inc|||Inc||0|0|0|Non|0|0|0|0|0|0|0|0|0|0|0|2025-11-19|"REJET PRINCIPAL DE Rivière-Salée"|"Eau douce de surface"|MARTINIQUE|||||Non|"Hors Zone Sensible"|"FR_HZS_00000  "|Non||Non||S080000697221|"Systeme de collecte - Rivière-Salée"|||"97221 : Rivière-Salée"|0|0|0.00||Inc||Inc||Inc||||0.0000|0.0000|0.0000|0.0000|0.0000|0.0000|0.0000|0.0000|0.0000|0.0000|0.0000|0.0000|0.0000|0.0000|||||||||||Inc|||Inc|Inc|Inc|"1301:Température de l'Eau:Inc | 1302:Potentiel en Hydrogène (pH):Inc | 1305:Matières en suspension:Inc"|||Oui|Inc|Inc|Non||Inc||Inc||Inc|||
MARTINIQUE|1|MARTINIQUE|972|"DEAL de Martinique"|"SPE de la Martinique"|080000797221|"Rivière-Salée MAUPEOU"|Rivière-Salée|97221|"En activité"|2023|1|1|1|0|"[ 200 ; 2 000 [ EH"|0|400|Non|Non|N/A|Non|2025-11-19|Unitaire|"Absence de rejets directs temps sec"|0||080000597221|"RIVIERE-SALEE - MAUPEOU"|Urbain|1|"En service"|2023-01-01||"Communauté d'Agglomération de l'Espace Sud de Martinique"|"COTRAM Assainissement"|Rivière-Salée|97221|717244|1606414|"UTM Nord fuseau 20"|39|14.5219747|-60.9840417|400|24|0|0|0|||"Arrêté du 21 juillet 2015 relatif à l'assainissement des agglomérations"||"Traitement approprié"|2005-12-31|2025-01-01|||||||Non|||||Non|"Non valide"|Non|Non|||Non|"Autosurveillance jugée incorrecte par AE /ODE (STEU)"|0|0|0|Non|0|0|0|0|0|0|0|0|0|0|0|2025-11-19|"REJET PRINCIPAL DE Rivière-Salée"|"Eau douce de surface"|MARTINIQUE|||||Non|"Hors Zone Sensible"|"FR_HZS_00000  "|Non||Non||S080000597221|"Systeme de collecte - Rivière-Salée"|||"97221 : Rivière-Salée"|0|0|0.00||N/A||N/A||N/A||||0.0000|0.0000|0.0000|0.0000|0.0000|0.0000|0.0000|0.0000|0.0000|0.0000|0.0000|0.0000|0.0000|0.0000|||||||"  PELLETIER"|97232|LAMENTIN||Non|||N/A|N/A|N/A|"1305:Matières en suspension:Non"|0|0|Non|Non|N/A|Non||N/A||N/A||N/A|||
MARTINIQUE|1|MARTINIQUE|972|"DEAL de Martinique"|"SPE de la Martinique"|080000197226|"Sainte-Anne - BELFOND"|Sainte-Anne|97226|"En activité"|2001|1|1|1|4800|"[ 2 000 ; 10 000 [ EH"|4800|8000|Non|Non|Oui|Non|2025-12-10|Séparatif|"Absence de rejets directs temps sec"|0|2021-01-01|080000197226|"SAINTE-ANNE - BELFOND"|Urbain|1|"En service"|2001-01-01||"Communauté d'Agglomération de l'Espace Sud de Martinique"|"SOCIETE MARTINIQUAISE DES EAUX"|Sainte-Anne|97226|728837|1598075|"UTM Nord fuseau 20"|39|14.4456794|-60.8772305|8000|480|1152|4800|773|"Boue activée aération prolongée (très faible charge)"|"Filtration à bande"|"Arrêté du 21 juillet 2015 relatif à l'assainissement des agglomérations"||"Traitement secondaire"|2005-12-31|2001-01-01|||||||Non|"Traitement secondaire"|Dénitrification|||Non|"Non valide"|Non|Non|||Non|"Non transmission complète ou incomplète de l'autosurveillance (STEU)"|15.4|4|0|Non|0|0|0|0|0|0|0|0|0|0|0|2025-12-10|"Rejet BELFOND"|"Eau côtière"|"Mer des Caraïbes"|728867|1598095|14.4458576|-60.8769506|Non|"Hors Zone Sensible"|"FR_HZS_00000  "|Non||Non||080000197226|"SC du STEU : BELFOND"|FRJC010|"Baie du Marin"|"97226 : Sainte-Anne"|1152|1|0.00||N/A||N/A||N/A||||703.0600|0.0000|0.0000|0.0000|0.0000|0.0000|0.0000|0.0000|0.0000|0.0000|0.0000|0.0000|0.0000|0.0000|"Communauté d'Agglomération de l'Espace Sud de Martinique"|" Lotissement Frangipanier "|97228|SAINTE-LUCE||"SOCIETE MARTINIQUAISE DES EAUX"|"   PLACE D ARMES BP 213"|97232|LAMENTIN|||||N/A|N/A|N/A|"1305:Matières en suspension:Non"|0|0|Non|Non|Oui|Non||N/A||N/A||N/A|||
MARTINIQUE|1|MARTINIQUE|972|"DEAL de Martinique"|"SPE de la Martinique"|080000197227|Sainte-Luce|Sainte-Luce|97227|"En activité"|2001|1|1|1|11199|"[ 10 000 ; 100 000 [ E"|11199|16755|Oui|Non|Oui|Non|2025-12-02|Séparatif|"Absence de rejets directs temps sec"|0|2021-01-01|080000197227|"SAINTE-LUCE - GROS RAISIN"|Urbain|1|"En service"|2001-01-01||"Communauté d'Agglomération de l'Espace Sud de Martinique"|"SOCIETE MARTINIQUAISE DES EAUX"|Sainte-Luce|97227|722586|1600450|"UTM Nord fuseau 20"|39|14.4676544|-60.9349914|16755|1005|1375|11199|786|"Bioréacteur à membrane"|Centrifugation|"Arrêté du 21 juillet 2015 relatif à l'assainissement des agglomérations"|2011-10-20|"Traitement secondaire"|2005-12-31|1999-12-31|||||||Oui|"Traitement secondaire"|Dénitrification||Désinfection|Oui|Valide|Non|Non|Non|Non|Non|"Point de mesure A2 absent"|49.16|0|0|Non|0|0|0|0|0|0|0|0|0|0|0|2025-12-02|"Rejet GROS RAISIN"|"Eau côtière"|"Mer des Caraïbes"|721566|1598915|14.4538673|-60.9445776|Non|"Hors Zone Sensible"|"FR_HZS_00000  "|Non||Non||080000197227|"SC du STEU : GROS RAISIN"|FRJC017|"Baie de Sainte-Luce"|"97227 : Sainte-Luce"|1375|1|0.00||N/A||N/A||N/A|0|||709.3200|0.0000|0.0000|0.0000|0.0000|0.0000|0.0000|0.0000|0.0000|0.0000|0.0000|0.0000|0.0000|0.0000|"Communauté d'Agglomération de l'Espace Sud de Martinique"|" Lotissement Frangipanier "|97228|SAINTE-LUCE||"SOCIETE MARTINIQUAISE DES EAUX"|"   PLACE D ARMES BP 213"|97232|LAMENTIN|||||N/A|N/A|N/A|"1305:Matières en suspension:Non | 1449:Escherichia coli (E. coli):Non"|0|0|Oui|Non|Oui|Non||N/A||N/A||N/A|0||
MARTINIQUE|1|MARTINIQUE|972|"DEAL de Martinique"|"SPE de la Martinique"|080000497227|SAINTE-LUCE-BELLEVUE-LADOUR|Sainte-Luce|97227|"En activité"|1990|1|1|1|403|"[ 200 ; 2 000 [ EH"|403|450|Non|Non|N/A|Non|2025-12-02|Unitaire|"Absence de rejets directs temps sec"|0||080000597227|"SAINTE-LUCE - BELLEVUE LADOUR"|Urbain|1|"En service"|1990-01-01||"Communauté d'Agglomération de l'Espace Sud de Martinique"|"SOCIETE MARTINIQUAISE DES EAUX"|Sainte-Luce|97227|722144|1601486|"UTM Nord fuseau 20"|39|14.4770514|-60.9390037|450|27|0|403|55|"Boue activée faible charge"|"Epaississement statique gravitaire"|"Arrêté du 22 juin 2007 relatif à l'assainissement des agglomérations"||"Traitement approprié"|2005-12-31|2025-01-01|||||||Non|"Traitement approprié"||||Non|"Non valide"|Non|Non|||Non|" "|0|0|0|Non|0|0|0|0|0|0|0|0|0|0|0|2025-12-02|"REJET PRINCIPAL DE SAINTE-LUCE-Bellevue Ladour"|"Eau douce de surface"|"MARTINIQUE               "|722146|1601478|14.4769789|-60.9389859|Non|"Hors Zone Sensible"|"FR_HZS_00000  "|Non||Non||S080000597227|"Systeme de collecte - SAINTE-LUCE-Bellevue Ladour"|FRJC017|"Baie de Sainte-Luce"|"97227 : Sainte-Luce"|0|0|0.00||N/A||N/A||N/A||||0.1500|0.0000|0.0000|0.0000|0.0000|0.0000|0.0000|0.0000|0.0000|0.0000|0.0000|0.0000|0.0000|0.0000|"Communauté d'Agglomération de l'Espace Sud de Martinique"|" Lotissement Frangipanier "|97228|SAINTE-LUCE||"SOCIETE MARTINIQUAISE DES EAUX"|"   PLACE D ARMES BP 213"|97232|LAMENTIN||Non|||N/A|N/A|N/A|"1305:Matières en suspension:Non"|0|0|Non|Non|N/A|Non||N/A||N/A||N/A|||
MARTINIQUE|1|MARTINIQUE|972|"DEAL de Martinique"|"SPE de la Martinique"|080000397227|"SAINTE-LUCE-LES COTEAUX"|Sainte-Luce|97227|"En activité"|1992|1|1|1|896|"[ 200 ; 2 000 [ EH"|896|1050|Non|Non|N/A|Non|2025-12-02|Séparatif|"Absence de rejets directs temps sec"|0||080000397227|"SAINTE-LUCE - LES COTEAUX"|Urbain|1|"En service"|1992-12-31||"Communauté d'Agglomération de l'Espace Sud de Martinique"|"SOCIETE MARTINIQUAISE DES EAUX"|Sainte-Luce|97227|718026|1603630|"UTM Nord fuseau 20"|39|14.4967561|-60.9770167|1050|63|0|896|262|"Boue activée faible charge"|"Lits de séchage"|"Arrêté du 21 juillet 2015 relatif à l'assainissement des agglomérations"||"Traitement approprié"|2005-12-31|2025-01-01|||||||Non|"Traitement secondaire"||||Non|"Non valide"|Non|Non|||Non||0|0|0|Non|0|0|0|0|0|0|0|0|0|0|0|2025-12-02|"Rejet Les Coteaux"|"Eau douce de surface"|Martinique|718026|1603630|14.4967561|-60.9770167|Non|"Hors Zone Sensible"|"FR_HZS_00000  "|Non||Non||080000397227|"SC du STEU : Les Coteaux"|FRJR109|Oman|"97227 : Sainte-Luce"|0|0|0.00||N/A||N/A||N/A||||260.4300|0.0000|0.0000|0.0000|0.0000|0.0000|0.0000|0.0000|0.0000|0.0000|0.0000|0.0000|0.0000|0.0000|"Communauté d'Agglomération de l'Espace Sud de Martinique"|" Lotissement Frangipanier "|97228|SAINTE-LUCE||"SOCIETE MARTINIQUAISE DES EAUX"|"   PLACE D ARMES BP 213"|97232|LAMENTIN||Non|||N/A|N/A|N/A|"1305:Matières en suspension:Non"|0|0|Non|Non|N/A|Non||N/A||N/A||N/A|||
MARTINIQUE|1|MARTINIQUE|972|"DEAL de Martinique"|"SPE de la Martinique"|080000897228|SAINTE-MARIE-BONAIR|Sainte-Marie|97228|"En activité"|2018|1|1|1|121|"[ 200 ; 2 000 [ EH"|121|240|Non|Non|N/A|Non|2025-11-19|Unitaire|"Absence de rejets directs temps sec"|0||080001497228|"SAINTE-MARIE - BON AIR"|Urbain|1|"En service"|2018-01-01||"Communauté d'Agglomération du Pays Nord Martinique"|"SOC EAUX ET ASSAINISSEMENT"|Sainte-Marie|97228|714956|1631005|"UTM Nord fuseau 20"|39|14.7443605|-61.0032554|240|14|0|121|27|||"Arrêté du 21 juillet 2015 relatif à l'assainissement des agglomérations"||"Traitement approprié"|2005-12-31|2030-01-01|||||||Non|||||Non|"Non valide"|Non|Non|||Non||1.3|0|0|Non|0|0|0|0|0|1|0|0|1|0|0|2025-11-19|"REJET PRINCIPAL DE SAINTE-MARIE-Bonair-EX-SIMAR"|"Eau douce de surface"|MARTINIQUE|||||Non|"Hors Zone Sensible"|"FR_HZS_00000  "|Non||Non||S080001497228|"Systeme de collecte - SAINTE-MARIE-Bonair-EX-SIMAR"|FRJR106|Galion|"97228 : Sainte-Marie"|0|0|0.00||N/A||N/A||N/A||||26.9800|0.0000|0.0000|0.0000|0.0000|0.0000|0.0000|0.0000|0.0000|0.0000|0.0000|0.0000|0.0000|0.0000|"Communauté d'Agglomération du Pays Nord Martinique"|" 39 Lotissement la Marie "|97225|MARIGOT||"SOC EAUX ET ASSAINISSEMENT"|"BAT F1 VILLAGE DE R.ROCHE 49 LOT ZAC DE RIVIERE ROCHE "|97200|"FORT DE FRANCE"||Non|||N/A|N/A|N/A|"1305:Matières en suspension:Non"|0|0|Non|Non|N/A|Non||N/A||N/A||N/A|||
MARTINIQUE|1|MARTINIQUE|972|"DEAL de Martinique"|"SPE de la Martinique"|080001197228|"Sainte-Marie - PEROU"|Sainte-Marie|97228|"En activité"|2023|1|1|1|0|"Taille < 200 EH"|0|40|Oui|Oui|N/A|Oui|2025-11-19|Unitaire|"Absence de rejets directs temps sec"|0||080000497228|"SAINTE-MARIE - PEROU"|Urbain|1|"En service"|2023-01-01||"Communauté d'Agglomération du Pays Nord Martinique"|"SOC EAUX ET ASSAINISSEMENT"|Sainte-Marie|97228|713155|1632485|"UTM Nord fuseau 20"|39|14.7578775|-61.0198569|40|2|0|0|0|||"Arrêté du 21 juillet 2015 relatif à l'assainissement des agglomérations"||"Traitement approprié"|2005-12-31||||||||Oui|||||Non|"Non valide"|Inc|Inc|||Oui||0|0|0|Non|0|0|0|0|0|0|0|0|0|0|0|2025-11-19|"REJET PRINCIPAL DE Sainte-Marie - PEROU"|"Eau douce de surface"|MARTINIQUE|||||Non|"Hors Zone Sensible"|"FR_HZS_00000  "|Non||Non||S080000497228|"Systeme de collecte - Sainte-Marie - PEROU"|||"97228 : Sainte-Marie"|0|0|0.00||N/A||N/A||N/A||||0.0000|0.0000|0.0000|0.0000|0.0000|0.0000|0.0000|0.0000|0.0000|0.0000|0.0000|0.0000|0.0000|0.0000|||||||"BAT F1 VILLAGE DE R.ROCHE 49 LOT ZAC DE RIVIERE ROCHE "|97200|"FORT DE FRANCE"||Inc|||N/A|N/A|N/A|"1301:Température de l'Eau:Inc | 1302:Potentiel en Hydrogène (pH):Inc | 1305:Matières en suspension:Inc"|0|0|Oui|Oui|N/A|Oui||N/A||N/A||N/A|||
MARTINIQUE|1|MARTINIQUE|972|"DEAL de Martinique"|"SPE de la Martinique"|080000197228|"Sainte-Marie - POINTE BENIE"|Sainte-Marie|97228|"En activité"|2006|1|1|1|1754|"[ 2 000 ; 10 000 [ EH"|1754|9990|Non|Non|N/A|Non|2025-12-03|Séparatif|"Absence de rejets directs temps sec"|0|2021-01-01|080000297228|"SAINTE-MARIE - POINTE BENIE"|Urbain|1|"En service"|2007-12-31||"Communauté d'Agglomération du Pays Nord Martinique"|"SOC EAUX ET ASSAINISSEMENT"|Sainte-Marie|97228|715208|1636497|"UTM Nord fuseau 20"|39|14.7939653|-61.0004617|9990|599|1135|1754|475|"Boue activée aération prolongée (très faible charge)"|"Filtration à bande"|"Arrêté du 21 juillet 2015 relatif à l'assainissement des agglomérations"||"Traitement secondaire"|2005-12-31|2024-12-31|||||||Non|"Traitement secondaire"|Dénitrification|Déphosphatation|Désinfection|Non|"Non valide"|Non|Non|||Non|" "|28.44|0|0|Non|0|0|25|0|0|3|0|0|3|0|0|2025-11-24|"Rejet POINTE BENIE"|"Eau côtière"|"Océan Atlantique"|714900|1636375|14.7928877|-61.0033322|Non|"Hors Zone Sensible"|"FR_HZS_00000  "|Non||Non||080000297228|"SC du STEU : POINTE BENIE"|FRJC004|"Nord-Atlantique, plateau insulaire"|"97228 : Sainte-Marie"|1135|5|0.00||N/A||N/A||N/A|0|||509.4600|0.0000|0.0000|0.0000|0.0000|0.0000|0.0000|0.0000|0.0000|0.0000|0.0000|0.0000|0.0000|0.0000|"Communauté d'Agglomération du Pays Nord Martinique"|" 39 Lotissement la Marie "|97225|MARIGOT||"SMDS MARTINIQ DISTR SERVICES"|"BAT F1 VILLAGE DE R.ROCHE 49 LOT ZAC DE RIVIERE ROCHE "|97200|"FORT DE FRANCE"|||||N/A|N/A|N/A|"1305:Matières en suspension:Non | 1319:Azote Kjeldahl:Non | 1449:Escherichia coli (E. coli):Non | 6455:Enterocoques:Non"|0|0|Non|Non|N/A|Non||N/A||N/A||N/A|0||
MARTINIQUE|1|MARTINIQUE|972|"DEAL de Martinique"|"SPE de la Martinique"|080000497228|SAINTE-MARIE-RECULÉE|Sainte-Marie|97228|"En activité"|2013|1|1|1|0|"[ 200 ; 2 000 [ EH"|0|800|Non|Non|N/A|Non|2025-11-19|Unitaire|"Absence de rejets directs temps sec"|0||080000397228|"SAINTE-MARIE - RECULEE"|Urbain|1|"En service"|1992-01-01||"Communauté d'Agglomération du Pays Nord Martinique"|"SOC EAUX ET ASSAINISSEMENT"|Sainte-Marie|97228|711820|1634474|"UTM Nord fuseau 20"|39|14.7759561|-61.0320916|800|48|0|0|0|"Boue activée faible charge"|"Lits de séchage"|"Arrêté du 21 juillet 2015 relatif à l'assainissement des agglomérations"||"Traitement approprié"|2005-12-31|2030-12-31|||||||Non|"Traitement secondaire"||||Non|"Non valide"|Non|Non|||Non|"Non transmission complète ou incomplète de l'autosurveillance (STEU)"|9.04|0|0|Non|0|0|0|0|0|9|0|0|9|0|0|2025-11-19|"REJET PRINCIPAL DE Reculée"|"Eau douce de surface"|"MARTINIQUE               "|711771|1634592|14.7770263|-61.032537|Non|"Hors Zone Sensible"|"FR_HZS_00000  "|Non||Non||S080000397228|"Systeme de collecte - Reculée"|FRJR106|Galion|"97228 : Sainte-Marie"|0|0|0.00||N/A||N/A||N/A||||0.0000|0.0000|0.0000|0.0000|0.0000|0.0000|0.0000|0.0000|0.0000|0.0000|0.0000|0.0000|0.0000|0.0000|"Communauté d'Agglomération du Pays Nord Martinique"|" 39 Lotissement la Marie "|97225|MARIGOT||"SOC EAUX ET ASSAINISSEMENT"|"BAT F1 VILLAGE DE R.ROCHE 49 LOT ZAC DE RIVIERE ROCHE "|97200|"FORT DE FRANCE"||Non|||N/A|N/A|N/A|"1305:Matières en suspension:Non"|0|0|Non|Non|N/A|Non||N/A||N/A||N/A|||
MARTINIQUE|1|MARTINIQUE|972|"DEAL de Martinique"|"SPE de la Martinique"|080001197223|"Saint-Esprit - LOTISSEMENT MORNE LAVALEU"|Saint-Esprit|97223|"En activité"|2024|1|1|1|0|"[ 200 ; 2 000 [ EH"|0|400|Oui|Inc|Inc|Non|2025-11-19|Unitaire|"Absence de rejets directs temps sec"|0||080000597223|"SAINT-ESPRIT - LOTISSEMENT MORNE LAVALEUR"|Urbain|1|"En service"|2024-01-01|||SOTRAG|Saint-Esprit|97223|721227|1611224|"UTM Nord fuseau 20"|39|14.5651161|-60.9466957|400|24|0|0|0|||"Arrêté du 21 juillet 2015 relatif à l'assainissement des agglomérations"||"Traitement approprié"|2005-12-31||||||||Oui|||||Non|"Non valide"|Inc|Inc|||Inc||0|0|0|Non|0|0|0|0|0|0|0|0|0|0|0|2025-11-19|"REJET PRINCIPAL DE Saint-Esprit"|"Eau douce de surface"|MARTINIQUE|||||Non|"Hors Zone Sensible"|"FR_HZS_00000  "|Non||Non||S080000597223|"Systeme de collecte - Saint-Esprit"|||"97223 : Saint-Esprit"|0|0|0.00||Inc||Inc||Inc||||0.0000|0.0000|0.0000|0.0000|0.0000|0.0000|0.0000|0.0000|0.0000|0.0000|0.0000|0.0000|0.0000|0.0000|||||||"LD SEO RUE DU LITTORAL "|97180|SAINTE-ANNE||Inc|||Inc|Inc|Inc|"1301:Température de l'Eau:Inc | 1302:Potentiel en Hydrogène (pH):Inc | 1305:Matières en suspension:Inc"|||Oui|Inc|Inc|Non||Inc||Inc||Inc|||
MARTINIQUE|1|MARTINIQUE|972|"DEAL de Martinique"|"SPE de la Martinique"|080000297223|SAINT-ESPRIT-PETER-MAILLET|Saint-Esprit|97223|"En activité"|1990|1|1|1|298|"[ 200 ; 2 000 [ EH"|298|200|Oui|Oui|N/A|Oui|2025-12-02|Unitaire|"Absence de rejets directs temps sec"|0||080000297223|"SAINT-ESPRIT - PETER MAILLET"|Urbain|1|"En service"|1990-01-01||"Communauté d'Agglomération de l'Espace Sud de Martinique"|"SOCIETE MARTINIQUAISE DES EAUX"|Saint-Esprit|97223|724428|1610301|"UTM Nord fuseau 20"|39|14.5565136|-60.917078|200|12|0|298|35|"Boue activée faible charge"|"Lits de séchage"|||"Traitement approprié"|2005-12-31|2000-01-01|||||||Oui|"Traitement approprié"||||Non|"Non valide"|Oui|Oui|||Oui|" "|0|0|0|Non|0|0|0|0|0|0|0|0|0|0|0|2025-12-02|"REJET PRINCIPAL DE SAINT-ESPRIT-Peter maillet"|"Eau douce de surface"|"MARTINIQUE               "|||||Non|"Hors Zone Sensible"|"FR_HZS_00000  "|Non||Non||S080000297223|"Systeme de collecte - SAINT-ESPRIT-Peter maillet"|FRJR110|Salée|"97223 : Saint-Esprit"|0|0|0.00||N/A||N/A||N/A||||0.1000|0.0000|0.0000|0.0000|0.0000|0.0000|0.0000|0.0000|0.0000|0.0000|0.0000|0.0000|0.0000|0.0000|"Communauté d'Agglomération de l'Espace Sud de Martinique"|" Lotissement Frangipanier "|97228|SAINTE-LUCE||"SOCIETE MARTINIQUAISE DES EAUX"|"   PLACE D ARMES BP 213"|97232|LAMENTIN||Oui|||N/A|N/A|N/A|"1305:Matières en suspension:Oui"|0|0|Oui|Oui|N/A|Oui||N/A||N/A||N/A|||
MARTINIQUE|1|MARTINIQUE|972|"DEAL de Martinique"|"SPE de la Martinique"|080000997223|"Saint-Esprit - PETIT FOND"|Saint-Esprit|97223|"En activité"|2023|1|1|1|3775|"[ 2 000 ; 10 000 [ EH"|3775|4000|Non|Non|N/A|Non|2025-12-02|Séparatif|"Absence de rejets directs temps sec"|0||080000197223|"SAINT-ESPRIT - PETIT FOND"|Urbain|1|"En service"|2006-01-01||"Communauté d'Agglomération de l'Espace Sud de Martinique"|"SOCIETE MARTINIQUAISE DES EAUX"|Saint-Esprit|97223|721707|1610248|"UTM Nord fuseau 20"|39|14.5562581|-60.9423245|4000|240|0|3775|432|"Boue activée aération prolongée (très faible charge)"|"Lits de séchage"|"Arrêté du 21 juillet 2015 relatif à l'assainissement des agglomérations"|2013-12-16|"Traitement secondaire"|2005-12-31|2030-01-01|||||||Non|"Traitement secondaire"||||Non|"Non valide"|Non|Non|Non||Non|" "|0|0|0|Non|0|0|0|0|0|0|0|0|0|0|0|2025-12-02|"Rejet PETIT FOND"|"Eau douce de surface"|"Mer des Caraïbes"|721675|1610225|14.5560529|-60.9426233|Non|"Hors Zone Sensible"|"FR_HZS_00000  "|Non||Non||080000197223|"SC du STEU : PETIT FOND"|FRJR110|Salée|"97223 : Saint-Esprit"|0|0|0.00||N/A||N/A||N/A|0|||206.7000|0.0000|0.0000|0.0000|0.0000|0.0000|0.0000|0.0000|0.0000|0.0000|0.0000|0.0000|0.0000|0.0000|"Communauté d'Agglomération de l'Espace Sud de Martinique"|" Lotissement Frangipanier "|97228|SAINTE-LUCE||"SOCIETE MARTINIQUAISE DES EAUX"|"   PLACE D ARMES BP 213"|97232|LAMENTIN|||||N/A|N/A|N/A|"1305:Matières en suspension:Non"|0|0|Non|Non|N/A|Non||N/A||N/A||N/A|0||
MARTINIQUE|1|MARTINIQUE|972|"DEAL de Martinique"|"SPE de la Martinique"|080000397223|"Saint-Esprit - REGALE"|Saint-Esprit|97223|"En activité"|1990|1|1|1|280|"[ 200 ; 2 000 [ EH"|280|250|Non|Non|N/A|Non|2025-12-02|Unitaire|"Absence de rejets directs temps sec"|0||080000397223|"SAINT-ESPRIT - REGALE"|Urbain|1|"En service"|1990-01-01||"Communauté d'Agglomération de l'Espace Sud de Martinique"|"SOCIETE MARTINIQUAISE DES EAUX"|Saint-Esprit|97223|724669|1608935|"UTM Nord fuseau 20"|39|14.5441511|-60.9149583|250|15|0|280|30|"Boue activée faible charge"|"Lits de séchage"|||"Traitement approprié"|2005-12-31|2025-01-01|||||||Non|"Traitement approprié"||||Non|"Non valide"|Non|Non|||Non|" "|0|0|0|Non|0|0|0|0|0|0|0|0|0|0|0|2025-12-02|"REJET PRINCIPAL DE SAINT-ESPRIT-Régale"|"Eau douce de surface"|"MARTINIQUE               "|724670|1608935|14.544151|-60.914949|Non|"Hors Zone Sensible"|"FR_HZS_00000  "|Non||Non||S080000397223|"Systeme de collecte - SAINT-ESPRIT-Régale"|FRJR110|Salée|"97223 : Saint-Esprit"|0|0|0.00||N/A||N/A||N/A||||0.0800|0.0000|0.0000|0.0000|0.0000|0.0000|0.0000|0.0000|0.0000|0.0000|0.0000|0.0000|0.0000|0.0000|"Communauté d'Agglomération de l'Espace Sud de Martinique"|" Lotissement Frangipanier "|97228|SAINTE-LUCE||"SOCIETE MARTINIQUAISE DES EAUX"|"   PLACE D ARMES BP 213"|97232|LAMENTIN|||||N/A|N/A|N/A|"1305:Matières en suspension:Non"|0|0|Non|Non|N/A|Non||N/A||N/A||N/A|||
MARTINIQUE|1|MARTINIQUE|972|"DEAL de Martinique"|"SPE de la Martinique"|080000797224|SAINT-JOSEPH-BAMBOU-DUCHAMP|Saint-Joseph|97224|"En activité"|2012|1|1|1|128|"Taille < 200 EH"|128|100|Oui|Oui|N/A|Oui|2025-11-19|Unitaire|"Absence de rejets directs temps sec"|0||080000797224|"SAINT-JOSEPH - BAMBOU-DUCHAMP"|Urbain|1|"En service"|2012-12-31||ODYSSI|ODYSSI|Saint-Joseph|97224|709719|1621047|"UTM Nord fuseau 20"|39|14.6547927|-61.0526797|100|6|0|128|12|"Boue activée moyenne charge"||"Arrêté du 21 juillet 2015 relatif à l'assainissement des agglomérations"||"Traitement approprié"|2005-12-31|2012-12-31|||||||Oui|"Traitement approprié"||||Non|"Non valide"|Oui|Oui|||Oui|" "|0|0|0|Non|0|0|0|0|0|0|0|0|0|0|0|2025-11-19|"REJET PRINCIPAL DE SAINT-JOSEPH-Bambou-Duchamp"|"Eau douce de surface"|"MARTINIQUE               "|||||Non|"Hors Zone Sensible"|"FR_HZS_00000  "|Non||Non||S080000797224|"Systeme de collecte - SAINT-JOSEPH-Bambou-Duchamp"|||"97224 : Saint-Joseph"|0|0|0.00||N/A||N/A||N/A||||0.0300|0.0000|0.0000|0.0000|0.0000|0.0000|0.0000|0.0000|0.0000|0.0000|0.0000|0.0000|0.0000|0.0000|||||||"Lot. Dillon Stade 7-9 rue des Arts et Métiers Bâtiment Flore Gaillard BP162"|97202|FORT-DE-FRANCE||Oui|||N/A|N/A|N/A|"1305:Matières en suspension:Oui"|0|0|Oui|Oui|N/A|Oui||N/A||N/A||N/A|||
MARTINIQUE|1|MARTINIQUE|972|"DEAL de Martinique"|"SPE de la Martinique"|080000897224|SAINT-JOSEPH-BELLE-ETOILE|Saint-Joseph|97224|"En activité"|2013|1|1|1|314|"[ 200 ; 2 000 [ EH"|314|500|Non|Non|N/A|Non|2025-11-19|Unitaire|"Absence de rejets directs temps sec"|0||080000897224|"SAINT-JOSEPH - BELLE ETOILE"|Urbain|1|"En service"|2012-12-31||"COMMUNAUTE D AGGLOMERATION DU CENTRE DE LA MARTINIQUE"|ODYSSI|Saint-Joseph|97224|712314|1622750|"UTM Nord fuseau 20"|39|14.6699782|-61.0284566|500|30|0|314|27|"Boue activée moyenne charge"|"Epaississement statique gravitaire"|"Arrêté du 21 juillet 2015 relatif à l'assainissement des agglomérations"||"Traitement approprié"|2005-12-31|2025-01-01|||||||Non|"Traitement approprié"||||Non|"Non valide"|Non|Non|||Non|" "|0|0|0|Non|0|0|0|0|0|0|0|0|0|0|0|2025-11-19|"REJET PRINCIPAL DE SAINT-JOSEPH-Belle-Etoile"|"Eau douce de surface"|"MARTINIQUE               "|712325|1622779|14.6702394|-61.0283521|Non|"Hors Zone Sensible"|"FR_HZS_00000  "|Non||Non||S080000897224|"Systeme de collecte - SAINT-JOSEPH-Belle-Etoile"|FRJT003|"Mangrove de la riviere Lezarde"|"97224 : Saint-Joseph"|0|0|0.00||N/A||N/A||N/A||||0.0700|0.0000|0.0000|0.0000|0.0000|0.0000|0.0000|0.0000|0.0000|0.0000|0.0000|0.0000|0.0000|0.0000|SIMAR|"Petit Paradis BP 7214 "|97274|SCHOELCHER||CAIALI|"Lot. Dillon Stade 7-9 rue des Arts et Métiers Bâtiment Flore Gaillard BP162"|97202|FORT-DE-FRANCE|||||N/A|N/A|N/A|"1305:Matières en suspension:Non"|0|0|Non|Non|N/A|Non||N/A||N/A||N/A|||
MARTINIQUE|4|MARTINIQUE|972|"DEAL de Martinique"|"SPE de la Martinique"|080000497205|CASE-PILOTE-CGOSH|Case-Pilote|97205|"En activité"|2000|1|1|1|0|"Taille < 200 EH"|0|40|Non|Oui|N/A|Non|2025-11-19|Unitaire|"Absence de rejets directs temps sec"|0||080000697205|"CASE-PILOTE - CGOSH"|Privé|4|"En service"|2000-01-28||"COMITE GESTION OEUVRES SOCIALES HOSPIT"|"SOC EAUX ET ASSAINISSEMENT"|Case-Pilote|97205|701332|1618870|"UTM Nord fuseau 20"|39|14.6357588|-61.1306928|40|2|0|0|0|"Boue activée forte charge"||||"Traitement approprié"|2005-12-31|2023-12-31|||||||Non|"Traitement approprié"||||Non|"Non valide"|Inc|Inc|||Oui|" "|0|0|0|Non|0|0|0|0|0|0|0|0|0|0|0|2025-11-19|"REJET PRINCIPAL DE CASE-PILOTE"|"Eau douce de surface"|"MARTINIQUE               "|701334|1618869|14.6357496|-61.1306743|Non|"Hors Zone Sensible"|"FR_HZS_00000  "|Non||Non||S080000697205|"Systeme de collecte - CASE-PILOTE"|FRJC002|Nord-Caraibe|"97205 : Case-Pilote"|0|0|0.00||N/A||N/A||N/A||||0.0000|0.0000|0.0000|0.0000|0.0000|0.0000|0.0000|0.0000|0.0000|0.0000|0.0000|0.0000|0.0000|0.0000|"COMITE GESTION OEUVRES SOCIALES HOSPIT"|"CENTRE DELGRES ESCALIER D MORNE DILLON "|97200|"FORT DE FRANCE"||"SOC EAUX ET ASSAINISSEMENT"|"BAT F1 VILLAGE DE R.ROCHE 49 LOT ZAC DE RIVIERE ROCHE "|97200|"FORT DE FRANCE"||Inc|||N/A|N/A|N/A|"1305:Matières en suspension:Inc"|0|0|Non|Oui|N/A|Non||N/A||N/A||N/A|||
MARTINIQUE|4|MARTINIQUE|972|"DEAL de Martinique"|"SPE de la Martinique"|080000397205|CASE-PILOTE-VÉTIVER|Case-Pilote|97205|"En activité"|2000|1|1|1|0|"[ 200 ; 2 000 [ EH"|0|400|Non|Non|N/A|Non|2025-11-19|Unitaire|"Absence de rejets directs temps sec"|0||080000397205|"CASE-PILOTE - VETIVER"|Privé|4|"En service"|2000-01-01||"CAISSE MUTUELLE COMPL ACTION SOCIALE EDF"|"SOCIETE MARTINIQUAISE DES EAUX"|Case-Pilote|97205|701212|1618710|"UTM Nord fuseau 20"|39|14.6343218|-61.1318187|400|24|0|0|0|"Boue activée moyenne charge"|"Epaississement statique gravitaire"|"Arrêté du 22 juin 2007 relatif à l'assainissement des agglomérations"||"Traitement approprié"|2005-12-31|2024-01-01|||||||Non|"Traitement secondaire"||||Non|"Non valide"|Non|Non|||Non|"Non transmission complète ou incomplète de l'autosurveillance (STEU)"|0|0|0|Non|0|0|0|0|0|0|0|0|0|0|0|2025-11-19|"REJET PRINCIPAL DE CASE-PILOTE-Vétiver"|"Eau douce de surface"|"MARTINIQUE               "|701194|1618714|14.6343593|-61.1319855|Non|"Hors Zone Sensible"|"FR_HZS_00000  "|Non||Non||S080000397205|"Systeme de collecte - CASE-PILOTE-Vétiver"|FRJC002|Nord-Caraibe|"97205 : Case-Pilote"|0|0|0.00||N/A||N/A||N/A||||0.0000|0.0000|0.0000|0.0000|0.0000|0.0000|0.0000|0.0000|0.0000|0.0000|0.0000|0.0000|0.0000|0.0000||||||"SOCIETE MARTINIQUAISE DES EAUX"|"   PLACE D ARMES BP 213"|97232|LAMENTIN||Non|||N/A|N/A|N/A|"1305:Matières en suspension:Non"|0|0|Non|Non|N/A|Non||N/A||N/A||N/A|||
MARTINIQUE|4|MARTINIQUE|972|"DEAL de Martinique"|"SPE de la Martinique"|080000497207|"DUCOS-VALLON DU BAC"|Ducos|97207|"En activité"|2016|1|1|1|0|"Taille < 200 EH"|0|150|Non|Oui|N/A|Non|2025-11-19|Unitaire|"Absence de rejets directs temps sec"|0||080002097207|"DUCOS - VALLON DU BAC"|Privé|4|"En service"|2015-01-01|||"SOC EAUX ET ASSAINISSEMENT"|Ducos|97207|718022|1613690|"UTM Nord fuseau 20"|39|14.5876578|-60.976226|150|9|0|0|0|Biofiltre||||"Traitement approprié"|2005-12-31|2023-12-31|||||||Non|"Traitement approprié"||||Non|"Non valide"|Inc|Inc|||Oui|" "|0|0|0|Non|0|0|0|0|0|0|0|0|0|0|0|2025-11-19|"REJET PRINCIPAL DE DUCOS"|"Eau douce de surface"|"MARTINIQUE               "|||||Non|"Hors Zone Sensible"|"FR_HZS_00000  "|Non||Non||S080002097207|"Systeme de collecte - DUCOS"|||"97207 : Ducos"|0|0|0.00||N/A||N/A||N/A||||0.0000|0.0000|0.0000|0.0000|0.0000|0.0000|0.0000|0.0000|0.0000|0.0000|0.0000|0.0000|0.0000|0.0000|||||||"BAT F1 VILLAGE DE R.ROCHE 49 LOT ZAC DE RIVIERE ROCHE "|97200|"FORT DE FRANCE"||Inc|||N/A|N/A|N/A|"1305:Matières en suspension:Inc"|0|0|Non|Oui|N/A|Non||N/A||N/A||N/A|||
MARTINIQUE|4|MARTINIQUE|972|"DEAL de Martinique"|"SPE de la Martinique"|080001697209|"Fort-de-France - AMEP"|Fort-de-France|97209|"En activité"|2023|1|1|1|0|"[ 200 ; 2 000 [ EH"|0|250|Non|Non|N/A|Non|2025-11-25|Séparatif|"Absence de rejets directs temps sec"|0||080001097209|"FORT-DE-FRANCE - AMEP"|Privé|4|"En service"|1990-06-04||"ASS MARTINIQUAISE EDUCATION POPULAIRE"|"SOC EAUX ET ASSAINISSEMENT"|Fort-de-France|97209|709232|1618218|"UTM Nord fuseau 20"|39|14.6292668|-61.057425|250|15|0|0|0|"Boue activée aération prolongée (très faible charge)"|"Epaississement statique gravitaire"|"Arrêté du 21 juillet 2015 relatif à l'assainissement des agglomérations"|||||||||||Non|"Traitement secondaire"||||Non|"Non valide"|Non|Non|||Non|"Autosurveillance jugée incorrecte par AE /ODE (STEU)"|0|0|0|Non|0|0|0|0|0|0|0|0|0|0|0|2025-11-25|"REJET PRINCIPAL DE AMEP"|"Eau douce de surface"|MARTINIQUE|709254|1618123|14.6284067|-61.0572284|Non|"Hors Zone Sensible"|"FR_HZS_00000  "|Non||Non||S080001097209|"SYSTEME DE COLLECTE - AMEP"|FRJR116|Madame|"97209 : Fort-de-France"|0|0|0.00||N/A||N/A|0|N/A|0|||0.0000|0.0000|0.0000|0.0000|0.0000|0.0000|0.0000|0.0000|0.0000|0.0000|0.0000|0.0000|0.0000|0.0000|||||||"BAT F1 VILLAGE DE R.ROCHE 49 LOT ZAC DE RIVIERE ROCHE "|97200|"FORT DE FRANCE"||Non|||N/A|N/A|N/A|"1305:Matières en suspension:Non"|0|0|Non|Non|N/A|Non||N/A||N/A|0|N/A|0||
MARTINIQUE|4|MARTINIQUE|972|"DEAL de Martinique"|"SPE de la Martinique"|080000297209|"Fort-de-France - CHP COLSON"|Fort-de-France|97209|"En activité"|1980|1|1|1|0|"[ 200 ; 2 000 [ EH"|0|300|Non|Non|N/A|Non|2025-11-19|Unitaire|"Absence de rejets directs temps sec"|0||080000797209|"FORT-DE-FRANCE - CHP COLSON"|Privé|4|"En service"|1980-04-05||"CENTRE HOSPITALIER SPECIALISE MAURICE DESPINOY"|"SOGEA MARTINIQUE"|Fort-de-France|97209|705880|1624348|"UTM Nord fuseau 20"|39|14.6849176|-61.088053|300|18|0|0|0|"Boue activée moyenne charge"||"Arrêté du 22 juin 2007 relatif à l'assainissement des agglomérations"||"Traitement approprié"|2005-12-31|2025-01-01|||||||Non|"Traitement secondaire"||||Non|"Non valide"|Non|Non|||Non|"Autre insuffisance sur le dispositif d'autosurveillance (STEU)"|0|0|0|Non|0|0|0|0|0|0|0|0|0|0|0|2025-11-19|"REJET PRINCIPAL DE FORT-DE-FRANCE-CHP Colson"|"Eau douce de surface"|MARTINIQUE|705774|1624289|14.6843925|-61.0890416|Non|"Hors Zone Sensible"|"FR_HZS_00000  "|Non||Non||S080000797209|"Systeme de collecte - FORT-DE-FRANCE-CHP Colson"|FRJR117|"Case Navire Amont"|"97209 : Fort-de-France"|0|0|0.00||N/A||N/A||N/A||||0.0000|0.0000|0.0000|0.0000|0.0000|0.0000|0.0000|0.0000|0.0000|0.0000|0.0000|0.0000|0.0000|0.0000|"CENTRE HOSPITALIER SPECIALISE MAURICE DESPINOY"|"14 KM RTE DE BALATA BP 631"|97234|"FORT DE FRANCE"||"SOGEA MARTINIQUE"|"CS 40485 206  AV MAURICE BISHOP "|97200|"FORT DE FRANCE"||Non|||N/A|N/A|N/A|"1305:Matières en suspension:Non"|0|0|Non|Non|N/A|Non||N/A||N/A||N/A|||
MARTINIQUE|4|MARTINIQUE|972|"DEAL de Martinique"|"SPE de la Martinique"|080002397209|"Fort-de-France - CROSSMA"|Fort-de-France|97209|"En activité"|2023|1|1|1|0|"Taille < 200 EH"|0|50|Oui|Oui|N/A|Oui|2025-11-19|Séparatif|"Absence de rejets directs temps sec"|0||080007897209|"FORT-DE-FRANCE - CROSSMA"|Privé|4|"En service"|2000-01-01||"SPECIAL OLYMPICS MARTINIQUE"|"SOC EAUX ET ASSAINISSEMENT"|Fort-de-France|97209|706370|1614940|"UTM Nord fuseau 20"|39|14.5998654|-61.0842428|50|3|0|0|0|"Boue activée moyenne charge"|"Epaississement statique gravitaire"||||||||||||Oui|"Traitement secondaire"||||Non|"Non valide"|N/A|N/A|||Oui|" "|0|0|0|Non|0|0|0|0|0|0|0|0|0|0|0|2025-11-19|"REJET PRINCIPAL DE FORT-DE-FRANCE-Crossma"|"Eau douce de surface"|"MARTINIQUE               "|706370|1614940|14.5998654|-61.0842428|Non|"Hors Zone Sensible"|"FR_HZS_00000  "|Non||Non||S080007897209|"Systeme de collecte - FORT-DE-FRANCE-Crossma"|FRJC015|"Nord Baie de Fort-de-France"|"97209 : Fort-de-France"|0|0|0.00||N/A||N/A|0|N/A|0|||0.0000|0.0000|0.0000|0.0000|0.0000|0.0000|0.0000|0.0000|0.0000|0.0000|0.0000|0.0000|0.0000|0.0000|||||||"BAT F1 VILLAGE DE R.ROCHE 49 LOT ZAC DE RIVIERE ROCHE "|97200|"FORT DE FRANCE"||Inc|||N/A|N/A|N/A|"1305:Matières en suspension:N/A"|0|0|Oui|Oui|N/A|Oui||N/A||N/A|0|N/A|0||
MARTINIQUE|4|MARTINIQUE|972|"DEAL de Martinique"|"SPE de la Martinique"|080001497209|"Fort-de-France - LOTISSEMENT LES EVERGLA"|Fort-de-France|97209|"En activité"|2023|1|1|1|0|"[ 200 ; 2 000 [ EH"|0|500|Non|Non|N/A|Non|2025-11-19|Séparatif|"Absence de rejets directs temps sec"|0||080002897209|"FORT-DE-FRANCE - LOTISSEMENT LES EVERGLADES"|Privé|4|"En service"|1990-06-04||"SCI EVER-GLADES"|"SOC EAUX ET ASSAINISSEMENT"|Fort-de-France|97209|710544|1619538|"UTM Nord fuseau 20"|39|14.6410928|-61.0451434|500|30|0|0|0|"Boue activée faible charge"|"Epaississement statique gravitaire"||||||||||||Non|"Traitement secondaire"||||Non|"Non valide"|Non|Non|||Non|"Non transmission complète ou incomplète de l'autosurveillance (STEU)"|0|0|0|Non|0|0|0|0|0|0|0|0|0|0|0|2025-11-19|"REJET PRINCIPAL DE Lot Les Everglades"|"Eau douce de surface"|MARTINIQUE|710551|1619539|14.6411013|-61.0450783|Non|"Hors Zone Sensible"|"FR_HZS_00000  "|Non||Non||S080002897209|"SYSTEME DE COLLECTE - Lot Les Everglades"|FRJR115|Monsieur|"97209 : Fort-de-France"|0|0|0.00||N/A||N/A||N/A||||0.0000|0.0000|0.0000|0.0000|0.0000|0.0000|0.0000|0.0000|0.0000|0.0000|0.0000|0.0000|0.0000|0.0000|||||||"BAT F1 VILLAGE DE R.ROCHE 49 LOT ZAC DE RIVIERE ROCHE "|97200|"FORT DE FRANCE"||Non|||N/A|N/A|N/A|"1305:Matières en suspension:Non"|0|0|Non|Non|N/A|Non||N/A||N/A||N/A|||
MARTINIQUE|4|MARTINIQUE|972|"DEAL de Martinique"|"SPE de la Martinique"|080001097209|"Fort-de-France ORMOSIA"|Fort-de-France|97209|"En activité"|2023|1|1|1|0|"[ 200 ; 2 000 [ EH"|0|210|Non|Non|N/A|Non|2025-11-19|Unitaire|"Absence de rejets directs temps sec"|0||080001397209|"FORT-DE-FRANCE - ORMOSIA"|Privé|4|"En service"|2023-01-01||SIMAR|"COTRAM Assainissement"|Fort-de-France|97209|708947|1619808|"UTM Nord fuseau 20"|39|14.6436566|-61.0599436|210|13|0|0|0|||"Arrêté du 21 juillet 2015 relatif à l'assainissement des agglomérations"||"Traitement approprié"|2005-12-31|2025-12-31|||||||Non|"Traitement approprié"||||Non|"Non valide"|Non|Non|||Non|"Non transmission complète ou incomplète de l'autosurveillance (STEU)"|0|0|0|Non|0|0|0|0|0|0|0|0|0|0|0|2025-11-19|"REJET PRINCIPAL DE  ORMOSIA"|"Eau douce de surface"|MARTINIQUE|||||Non|"Hors Zone Sensible"|"FR_HZS_00000  "|Non||Non||S080001397209|"Systeme de collecte -  ORMOSIA"|||"97209 : Fort-de-France"|0|0|0.00||N/A||N/A||N/A||||0.0000|0.0000|0.0000|0.0000|0.0000|0.0000|0.0000|0.0000|0.0000|0.0000|0.0000|0.0000|0.0000|0.0000|||||||"  PELLETIER"|97232|LAMENTIN||Non|||N/A|N/A|N/A|"1301:Température de l'Eau:Inc | 1302:Potentiel en Hydrogène (pH):Inc | 1305:Matières en suspension:Non"|0|0|Non|Non|N/A|Non||N/A||N/A||N/A|||
MARTINIQUE|4|MARTINIQUE|972|"DEAL de Martinique"|"SPE de la Martinique"|080001797209|"Fort-de-France - PLATEAU TIBERGE"|Fort-de-France|97209|"En activité"|2023|1|1|1|0|"[ 200 ; 2 000 [ EH"|0|400|Non|Non|N/A|Non|2025-11-19|Séparatif|"Absence de rejets directs temps sec"|0||080003597209|"FORT-DE-FRANCE - PLATEAU TIBERGE"|Privé|4|"En service"|2007-01-01||"LA MARTINIQ HLM SA HABIT LOYER MODERE"|"SOC EAUX ET ASSAINISSEMENT"|Fort-de-France|97209|709071|1619390|"UTM Nord fuseau 20"|39|14.6398698|-61.058826|400|24|0|0|0||"Epaississement statique gravitaire"|"Arrêté du 21 juillet 2015 relatif à l'assainissement des agglomérations"|||||||||||Non|"Traitement secondaire"||||Non|"Non valide"|Non|Non|||Non|"Non transmission complète ou incomplète de l'autosurveillance (STEU)"|0|0|0|Non|0|0|0|0|0|0|0|0|0|0|0|2025-11-19|"REJET PRINCIPAL DE Plateau Tiberge"|"Eau douce de surface"|MARTINIQUE|709151|1619381|14.6397823|-61.0580842|Non|"Hors Zone Sensible"|"FR_HZS_00000  "|Non||Non||S080003597209|"SYSTEME DE COLLECTE - Plateau Tiberge"|FRJR116|Madame|"97209 : Fort-de-France"|0|0|0.00||N/A||N/A||N/A||||0.0000|0.0000|0.0000|0.0000|0.0000|0.0000|0.0000|0.0000|0.0000|0.0000|0.0000|0.0000|0.0000|0.0000|||||||"BAT F1 VILLAGE DE R.ROCHE 49 LOT ZAC DE RIVIERE ROCHE "|97200|"FORT DE FRANCE"||Non|||N/A|N/A|N/A|"1305:Matières en suspension:Non"|0|0|Non|Non|N/A|Non||N/A||N/A||N/A|||
MARTINIQUE|4|MARTINIQUE|972|"DEAL de Martinique"|"SPE de la Martinique"|080001597209|"Fort-de-France - RESIDENCE DES ILES"|Fort-de-France|97209|"En activité"|2023|1|1|1|0|"[ 200 ; 2 000 [ EH"|0|500|Non|Non|N/A|Non|2025-11-19|Séparatif|"Absence de rejets directs temps sec"|0||080004097209|"FORT-DE-FRANCE - RESIDENCE DES ILES"|Privé|4|"En service"|1990-06-04||"MAGPLUS IMMOBILIER"|"SOC EAUX ET ASSAINISSEMENT"|Fort-de-France|97209|709165|1618863|"UTM Nord fuseau 20"|39|14.6351004|-61.0579955|500|30|0|0|0|"Boue activée faible charge"|"Epaississement statique gravitaire"||||||||||||Non|"Traitement secondaire"||||Non|"Non valide"|Non|Non|||Non|"Non transmission complète ou incomplète de l'autosurveillance (STEU)"|0|0|0|Non|0|0|0|0|0|0|0|0|0|0|0|2025-11-19|"REJET PRINCIPAL DE FORT-DE-FRANCE"|"Eau douce de surface"|MARTINIQUE|709166|1618868|14.6351455|-61.0579858|Non|"Hors Zone Sensible"|"FR_HZS_00000  "|Non||Non||S080004097209|"SYSTEME DE COLLECTE - FORT-DE-FRANCE"|FRJR116|Madame|"97209 : Fort-de-France"|0|0|0.00||N/A||N/A||N/A||||0.0000|0.0000|0.0000|0.0000|0.0000|0.0000|0.0000|0.0000|0.0000|0.0000|0.0000|0.0000|0.0000|0.0000|||||||"BAT F1 VILLAGE DE R.ROCHE 49 LOT ZAC DE RIVIERE ROCHE "|97200|"FORT DE FRANCE"||Non|||N/A|N/A|N/A|"1305:Matières en suspension:Non"|0|0|Non|Non|N/A|Non||N/A||N/A||N/A|||
MARTINIQUE|4|MARTINIQUE|972|"DEAL de Martinique"|"SPE de la Martinique"|080002797209|"Fort-de-France - RESIDENCE DU PARC DE RE"|Fort-de-France|97209|"En activité"|2023|1|1|1|0|"[ 200 ; 2 000 [ EH"|0|200|Non|Inc|N/A|Non|2025-11-19|Unitaire|"Absence de rejets directs temps sec"|0||080006597209|"FORT-DE-FRANCE - RESIDENCE DU PARC DE REDOUTE"|Privé|4|"En service"|2023-01-01|||"COTRAM Assainissement"|Fort-de-France|97209|708881|1618583|"UTM Nord fuseau 20"|39|14.6325922|-61.0606535|200|12|0|0|0|||"Arrêté du 21 juillet 2015 relatif à l'assainissement des agglomérations"||"Traitement approprié"|2005-12-31||||||||Non|||||Non|"Non valide"|Inc|Inc|||Inc||0|0|0|Non|0|0|0|0|0|0|0|0|0|0|0|2025-11-19|"REJET PRINCIPAL DE Fort-de-France - RESIDENCE DU P"|"Eau douce de surface"|MARTINIQUE|||||Non|"Hors Zone Sensible"|"FR_HZS_00000  "|Non||Non||S080006597209|"Systeme de collecte - Fort-de-France - RESIDENCE DU PARC DE "|||"97209 : Fort-de-France"|0|0|0.00||N/A||N/A||N/A||||0.0000|0.0000|0.0000|0.0000|0.0000|0.0000|0.0000|0.0000|0.0000|0.0000|0.0000|0.0000|0.0000|0.0000|||||||"  PELLETIER"|97232|LAMENTIN||Inc|||N/A|N/A|N/A||0|0|Non|Inc|N/A|Non||N/A||N/A||N/A|||
MARTINIQUE|4|MARTINIQUE|972|"DEAL de Martinique"|"SPE de la Martinique"|080002297209|"Fort-de-France - RESIDENCE LAETITIA"|Fort-de-France|97209|"En activité"|2023|1|1|1|0|"Taille < 200 EH"|0|50|Oui|Oui|N/A|Oui|2025-11-19|Séparatif|"Absence de rejets directs temps sec"|0||080004297209|"FORT-DE-FRANCE - RESIDENCE LAETITIA"|Privé|4|"En service"|2000-01-01||||Fort-de-France|97209|707015|1618250|"UTM Nord fuseau 20"|39|14.6297267|-61.0779975|50|3|0|0|0|"Boue activée moyenne charge"|"Epaississement statique gravitaire"|"Arrêté du 22 juin 2007 relatif à l'assainissement des agglomérations"|||||||||||Oui|"Traitement secondaire"||||Non|"Non valide"|Inc|Inc|||Oui|"Non transmission de l'autosurveillance (STEU)"|0|0|0|Non|0|0|0|0|0|0|0|0|0|0|0|2025-11-19|"REJET PRINCIPAL DE FORT-DE-FRANCE-Résidence Laetit"|"Eau douce de surface"|"MARTINIQUE               "|707015|1618250|14.6297267|-61.0779975|Non|"Hors Zone Sensible"|"FR_HZS_00000  "|Non||Non||S080004297209|"Systeme de collecte - FORT-DE-FRANCE-Résidence Laetitia"|FRJR116|Madame|"97209 : Fort-de-France"|0|0|0.00||N/A||N/A|0|N/A|0|||0.0000|0.0000|0.0000|0.0000|0.0000|0.0000|0.0000|0.0000|0.0000|0.0000|0.0000|0.0000|0.0000|0.0000|||||||||||Inc|||N/A|N/A|N/A|"1305:Matières en suspension:Inc"|0|0|Oui|Oui|N/A|Oui||N/A||N/A|0|N/A|0||
MARTINIQUE|4|MARTINIQUE|972|"DEAL de Martinique"|"SPE de la Martinique"|080002697209|"Fort-de-France - RESIDENCE LES CYCLADES"|Fort-de-France|97209|"En activité"|2023|1|1|1|0|"[ 200 ; 2 000 [ EH"|0|204|Non|Non|N/A|Non|2025-11-19|Unitaire|"Absence de rejets directs temps sec"|0||080003997209|"FORT-DE-FRANCE - RESIDENCE LES CYCLADES"|Privé|4|"En service"|2022-12-20||"MAGPLUS IMMOBILIER"|"SOC EAUX ET ASSAINISSEMENT"|Fort-de-France|97209|707284|1617164|"UTM Nord fuseau 20"|39|14.6198926|-61.0755865|204|12|0|0|0|"Boue activée aération prolongée (très faible charge)"||"Arrêté du 21 juillet 2015 relatif à l'assainissement des agglomérations"|||||||||||Non|||||Non|"Non valide"|Non|Non|||Non|"Non transmission complète ou incomplète de l'autosurveillance (STEU)"|0|0|0|Non|0|0|0|0|0|0|0|0|0|0|0|2025-11-19|"REJET PRINCIPAL DE Les Cyclades-résidence"|"Eau douce de surface"|MARTINIQUE|707306|1617169|14.6199361|-61.0753819|Non|"Hors Zone Sensible"|"FR_HZS_00000  "|Non||Non||S080003997209|"Systeme de collecte - Les Cyclades-résidence"|FRJG204|"Domaine Centre"|"97209 : Fort-de-France"|0|0|0.00||N/A||N/A||N/A||||0.0000|0.0000|0.0000|0.0000|0.0000|0.0000|0.0000|0.0000|0.0000|0.0000|0.0000|0.0000|0.0000|0.0000|||||||"BAT F1 VILLAGE DE R.ROCHE 49 LOT ZAC DE RIVIERE ROCHE "|97200|"FORT DE FRANCE"||Non|||N/A|N/A|N/A|"1305:Matières en suspension:Non"|0|0|Non|Non|N/A|Non||N/A||N/A||N/A|||
MARTINIQUE|4|MARTINIQUE|972|"DEAL de Martinique"|"SPE de la Martinique"|080002197209|"Fort-de-France - RESIDENCE LES GOYAVES"|Fort-de-France|97209|"En activité"|2023|1|1|1|0|"Taille < 200 EH"|0|80|Oui|Oui|N/A|Oui|2025-11-19|Séparatif|"Absence de rejets directs temps sec"|0||080004397209|"FORT-DE-FRANCE - RESIDENCE LES GOYAVES"|Privé|4|"En service"|2015-01-01|||"SOC EAUX ET ASSAINISSEMENT"|Fort-de-France|97209|707032|1616440|"UTM Nord fuseau 20"|39|14.6133695|-61.077982|80|5|0|0|0|"Boue activée forte charge"|"Epaississement statique gravitaire"||||||||||||Oui|"Traitement secondaire"||||Non|"Non valide"|Inc|Inc|||Oui|"Non transmission de l'autosurveillance (STEU)"|0|0|0|Non|0|0|0|0|0|0|0|0|0|0|0|2025-11-19|"REJET PRINCIPAL DE FORT-DE-FRANCE-Residence les Go"|"Eau douce de surface"|"MARTINIQUE               "|707032|1616440|14.6133695|-61.077982|Non|"Hors Zone Sensible"|"FR_HZS_00000  "|Non||Non||S080004397209|"Systeme de collecte - FORT-DE-FRANCE-Residence les Goyaves"|FRJR116|Madame|"97209 : Fort-de-France"|0|0|0.00||N/A||N/A|0|N/A|0|||0.0000|0.0000|0.0000|0.0000|0.0000|0.0000|0.0000|0.0000|0.0000|0.0000|0.0000|0.0000|0.0000|0.0000|||||||"BAT F1 VILLAGE DE R.ROCHE 49 LOT ZAC DE RIVIERE ROCHE "|97200|"FORT DE FRANCE"||Inc|||N/A|N/A|N/A|"1305:Matières en suspension:Inc"|0|0|Oui|Oui|N/A|Oui||N/A||N/A|0|N/A|0||
MARTINIQUE|4|MARTINIQUE|972|"DEAL de Martinique"|"SPE de la Martinique"|080002097209|"Fort-de-France - RESIDENCE MIMOSA"|Fort-de-France|97209|"En activité"|2023|1|1|1|0|"Taille < 200 EH"|0|120|Oui|Inc|N/A|Non|2025-11-19|Séparatif|"Absence de rejets directs temps sec"|0||080008597209|"FORT-DE-FRANCE - RESIDENCE MIMOSA"|Privé|4|"En service"|2011-01-01||SIMAR|"SOC EAUX ET ASSAINISSEMENT"|Fort-de-France|97209|707813|1619260|"UTM Nord fuseau 20"|39|14.6387922|-61.0705118|120|7|0|0|18|Biofiltre|"Epaississement statique gravitaire"||||||||||||Oui|"Traitement secondaire"||||Non|"Non valide"|Inc|Inc|||Inc|"Non transmission de l'autosurveillance (STEU)"|0|0|0|Non|0|0|0|0|0|0|0|0|0|0|0|2025-11-19|"REJET PRINCIPAL DE FORT-DE-FRANCE-Résidence Mimosa"|"Eau douce de surface"|"MARTINIQUE               "|707813|1619260|14.6387922|-61.0705118|Non|"Hors Zone Sensible"|"FR_HZS_00000  "|Non||Non||S080008597209|"Systeme de collecte - FORT-DE-FRANCE-Résidence Mimosa"|FRJR116|Madame|"97209 : Fort-de-France"|0|0|0.00||N/A||N/A|0|N/A|0|||0.0500|0.0000|0.0000|0.0000|0.0000|0.0000|0.0000|0.0000|0.0000|0.0000|0.0000|0.0000|0.0000|0.0000|||||||"BAT F1 VILLAGE DE R.ROCHE 49 LOT ZAC DE RIVIERE ROCHE "|97200|"FORT DE FRANCE"||Inc|||N/A|N/A|N/A|"1305:Matières en suspension:Inc"|0|0|Oui|Inc|N/A|Non||N/A||N/A|0|N/A|0||
MARTINIQUE|4|MARTINIQUE|972|"DEAL de Martinique"|"SPE de la Martinique"|080000997209|"Fort-de-France - RESIDENCE MOUTTES"|Fort-de-France|97209|"En activité"|2023|1|1|1|0|"[ 200 ; 2 000 [ EH"|0|289|Non|Inc|N/A|Non|2025-11-19|Unitaire|"Absence de rejets directs temps sec"|0||080001297209|"FORT-DE-FRANCE - RESIDENCE MOUTTE"|Privé|4|"En service"|2023-01-01||||Fort-de-France|97209|709772|1617687|"UTM Nord fuseau 20"|39|14.6244267|-61.0524558|289|17|0|0|0|||"Arrêté du 21 juillet 2015 relatif à l'assainissement des agglomérations"||"Traitement approprié"|2005-12-31||||||||Non|||||Non|"Non valide"|Inc|Inc|||Inc||0|0|0|Non|0|0|0|0|0|0|0|0|0|0|0|2025-11-19|"REJET PRINCIPAL DE Fort-de-France"|"Eau douce de surface"|MARTINIQUE|||||Non|"Hors Zone Sensible"|"FR_HZS_00000  "|Non||Non||S080001297209|"Systeme de collecte - Fort-de-France"|||"97209 : Fort-de-France"|0|0|0.00||N/A||N/A||N/A||||0.0000|0.0000|0.0000|0.0000|0.0000|0.0000|0.0000|0.0000|0.0000|0.0000|0.0000|0.0000|0.0000|0.0000|||||||||||Inc|||N/A|N/A|N/A||0|0|Non|Inc|N/A|Non||N/A||N/A||N/A|||
MARTINIQUE|4|MARTINIQUE|972|"DEAL de Martinique"|"SPE de la Martinique"|080001997209|"Fort-de-France - RESIDENCE ZAMANA"|Fort-de-France|97209|"En activité"|2023|1|1|1|0|"Taille < 200 EH"|0|100|Oui|Oui|N/A|Oui|2025-11-19|Séparatif|"Absence de rejets directs temps sec"|0||080005597209|"FORT-DE-FRANCE - RESIDENCE ZAMANA"|Privé|4|"En service"|2010-12-31||SIMAR|"SOC EAUX ET ASSAINISSEMENT"|Fort-de-France|97209|707909|1619531|"UTM Nord fuseau 20"|39|14.6412337|-61.0695994|100|6|0|0|0|Biofiltre|"Epaississement statique gravitaire"||||||||||||Oui|"Traitement secondaire"||||Non|"Non valide"|Inc|Inc|||Oui||0|0|0|Non|0|0|0|0|0|0|0|0|0|0|0|2025-11-19|"REJET PRINCIPAL DE FORT-DE-FRANCE - RESIDENCE ZAMA"|"Eau douce de surface"|"MARTINIQUE               "|707991|1619480|14.6407665|-61.0688424|Non|"Hors Zone Sensible"|"FR_HZS_00000  "|Non||Non||S080005597209|"Systeme de collecte - FORT-DE-FRANCE - RESIDENCE ZAMANAS"|FRJR116|Madame|"97209 : Fort-de-France"|0|0|0.00||N/A||N/A|0|N/A|0|||0.0000|0.0000|0.0000|0.0000|0.0000|0.0000|0.0000|0.0000|0.0000|0.0000|0.0000|0.0000|0.0000|0.0000|||||||"BAT F1 VILLAGE DE R.ROCHE 49 LOT ZAC DE RIVIERE ROCHE "|97200|"FORT DE FRANCE"||Inc|||N/A|N/A|N/A|"1305:Matières en suspension:Inc"|0|0|Oui|Oui|N/A|Oui||N/A||N/A|0|N/A|0||
MARTINIQUE|4|MARTINIQUE|972|"DEAL de Martinique"|"SPE de la Martinique"|080002897209|"Fort-de-France - TANDEM"|Fort-de-France|97209|"En projet"|2023|1|1|1|0|"Taille < 200 EH"|0|118|Non|Inc|N/A|Non|2025-12-12|Unitaire|"Absence de rejets directs temps sec"|0||080001797209|"FORT-DE-FRANCE - TANDEM"|Privé|4|"En service"|2006-01-01||"LA MARTINIQ HLM SA HABIT LOYER MODERE"|"SOC EAUX ET ASSAINISSEMENT"|Fort-de-France|97209|709349|1618142|"UTM Nord fuseau 20"|39|14.628571|-61.0563452|118|7|0|0|0|||"Arrêté du 21 juillet 2015 relatif à l'assainissement des agglomérations"||"Traitement approprié"|2005-12-31||||||||Non|||||Non|"Non valide"|N/A|N/A|||Inc|" "|0|0|0|Non|0|0|0|0|0|0|0|0|0|0|0|2025-12-12|"REJET PRINCIPAL DE Fort-de-France - TANDEM"|"Eau douce de surface"|MARTINIQUE|||||Non|"Hors Zone Sensible"|"FR_HZS_00000  "|Non||Non||S080001797209|"Systeme de collecte - Fort-de-France - TANDEM"|||"97209 : Fort-de-France"|0|0|0.00||Inc||Inc||Inc||||0.0000|0.0000|0.0000|0.0000|0.0000|0.0000|0.0000|0.0000|0.0000|0.0000|0.0000|0.0000|0.0000|0.0000|||||||"BAT F1 VILLAGE DE R.ROCHE 49 LOT ZAC DE RIVIERE ROCHE "|97200|"FORT DE FRANCE"||N/A|||Inc|Inc|Inc|"1301:Température de l'Eau:N/A | 1302:Potentiel en Hydrogène (pH):N/A | 1305:Matières en suspension:N/A"|0|0|Non|Inc|N/A|Non||Inc||Inc||Inc|||
MARTINIQUE|4|MARTINIQUE|972|"DEAL de Martinique"|"SPE de la Martinique"|080001097210|FRANCOIS-CAP-EST|"Le François"|97210|"En activité"|2000|1|1|1|0|"[ 200 ; 2 000 [ EH"|0|500|Non|Non|N/A|Non|2025-11-19|Unitaire|"Absence de rejets directs temps sec"|0||080000497210|"LE FRANCOIS - CAP-EST"|Privé|4|"En service"|2000-01-28||SVDC|"SOC EAUX ET ASSAINISSEMENT"|"Le François"|97210|731435|1613830|"UTM Nord fuseau 20"|39|14.5878109|-60.851769|500|30|0|0|0|"Boue activée forte charge"|"Epaississement statique gravitaire"|"Arrêté du 22 juin 2007 relatif à l'assainissement des agglomérations"||"Traitement approprié"|2005-12-31|2000-10-01|||||||Non|"Traitement secondaire"||||Non|"Non valide"|Non|Non|||Non|"Non transmission complète ou incomplète de l'autosurveillance (STEU)"|0|0|0|Non|0|0|0|0|0|2|0|0|0|0|0|2025-11-19|"REJET PRINCIPAL DE FRANCOIS"|"Eau douce de surface"|"MARTINIQUE               "|||||Non|"Hors Zone Sensible"|"FR_HZS_00000  "|Non||Non||S080000497210|"Systeme de collecte - FRANCOIS"|||"97210 : Le François"|0|0|0.00||N/A||N/A||N/A||||0.0000|0.0000|0.0000|0.0000|0.0000|0.0000|0.0000|0.0000|0.0000|0.0000|0.0000|0.0000|0.0000|0.0000|||||||"BAT F1 VILLAGE DE R.ROCHE 49 LOT ZAC DE RIVIERE ROCHE "|97200|"FORT DE FRANCE"||Non|||N/A|N/A|N/A|"1305:Matières en suspension:Non"|0|0|Non|Non|N/A|Non||N/A||N/A||N/A|||
MARTINIQUE|4|MARTINIQUE|972|"DEAL de Martinique"|"SPE de la Martinique"|080000397212|GROS-MORNE-COLLEGE|Gros-Morne|97212|"En activité"|2018|1|1|1|0|"[ 200 ; 2 000 [ EH"|0|260|Non|Non|N/A|Non|2025-11-19|Unitaire|"Absence de rejets directs temps sec"|0||080000297212|"GROS-MORNE - COLLEGE LA FRAICHEUR"|Privé|4|"En service"|2018-01-01||"COLLECTIVITE TERRITORIALE DE MARTINIQUE"||Gros-Morne|97212|715808|1627565|"UTM Nord fuseau 20"|39|14.7132086|-60.9956287|260|16|0|0|0|||"Arrêté du 21 juillet 2015 relatif à l'assainissement des agglomérations"||"Traitement approprié"|2005-12-31|2024-01-01|||||||Non|"Traitement approprié"||||Non|"Non valide"|Non|Non|||Non|"Non transmission complète ou incomplète de l'autosurveillance (STEU)"|0|0|0|Non|0|0|0|0|0|0|0|0|0|0|0|2025-11-19|"REJET PRINCIPAL DE GROS-MORNE"|"Eau douce de surface"|MARTINIQUE|||||Non|"Hors Zone Sensible"|"FR_HZS_00000  "|Non||Non||S080000297212|"Systeme de collecte - GROS-MORNE"|||"97212 : Gros-Morne"|0|0|0.00||N/A||N/A||N/A||||0.0000|0.0000|0.0000|0.0000|0.0000|0.0000|0.0000|0.0000|0.0000|0.0000|0.0000|0.0000|0.0000|0.0000|"COLLECTIVITE TERRITORIALE DE MARTINIQUE"|"Hôtel de région Rue Gaston-Defferre  Cluny CS 30137 - BP 601"|97201|"Fort-de-France Cedex"|||||||Non|||N/A|N/A|N/A|"1301:Température de l'Eau:N/A | 1302:Potentiel en Hydrogène (pH):N/A | 1305:Matières en suspension:Non"|0|0|Non|Non|N/A|Non||N/A||N/A||N/A|||
MARTINIQUE|4|MARTINIQUE|972|"DEAL de Martinique"|"SPE de la Martinique"|080000597212|"Gros-Morne - DU VERGER"|Gros-Morne|97212|"En activité"|2023|1|1|1|0|"Taille < 200 EH"|0|0|Oui|Oui|N/A|Oui|2025-11-19|Unitaire|"Absence de rejets directs temps sec"|0||080000697212|GROS-MORNE|Privé|4|"En service"|2023-01-01||||Gros-Morne|97212|714728|1627154|"UTM Nord fuseau 20"|39|14.7095814|-61.0056889|0|0|0|0|0|||"Arrêté du 21 juillet 2015 relatif à l'assainissement des agglomérations"||"Traitement approprié"|2005-12-31||||||||Oui|||||Non|"Non valide"|||||Oui||0|0|0|Non|0|0|0|0|0|0|0|0|0|0|0|2025-11-19|"REJET PRINCIPAL DE Gros-Morne"|"Eau douce de surface"|MARTINIQUE|||||Non|"Hors Zone Sensible"|"FR_HZS_00000  "|Non||Non||S080000697212|"Systeme de collecte - Gros-Morne"|||"97212 : Gros-Morne"|0|0|0.00||N/A||N/A||N/A||||0.0000|0.0000|0.0000|0.0000|0.0000|0.0000|0.0000|0.0000|0.0000|0.0000|0.0000|0.0000|0.0000|0.0000|||||||||||Inc|||N/A|N/A|N/A||0|0|Oui|Oui|N/A|Oui||N/A||N/A||N/A|||
MARTINIQUE|4|MARTINIQUE|972|"DEAL de Martinique"|"SPE de la Martinique"|080000397201|"L'Ajoupa-Bouillon - RESIDENCE MAXIME"|L'Ajoupa-Bouillon|97201|"En activité"|2023|1|1|1|0|"Taille < 200 EH"|0|165|Non|Oui|N/A|Non|2025-12-12|Unitaire|"Absence de rejets directs temps sec"|0||080000397201|"AJOUPA-BOUILLON - RESIDENCE MAXIME"|Privé|4|"En service"|2023-12-31||"LA MARTINIQ HLM SA HABIT LOYER MODERE"|"SOC EAUX ET ASSAINISSEMENT"|L'Ajoupa-Bouillon|97201|703274|1639946|"UTM Nord fuseau 20"|39|14.8260667|-61.1110284|165|10|0|0|0|||"Arrêté du 21 juillet 2015 relatif à l'assainissement des agglomérations"||"Traitement approprié"|2005-12-31||||||||Non|||||Non|"Non valide"|N/A|N/A|||Oui|" "|0|0|0|Non|0|0|0|0|0|0|0|0|0|0|0|2025-12-12|"REJET PRINCIPAL DE L'Ajoupa-Bouillon - RESIDENCE M"|"Eau douce de surface"|MARTINIQUE|||||Non|"Hors Zone Sensible"|"FR_HZS_00000  "|Non||Non||S080000397201|"Systeme de collecte - L'Ajoupa-Bouillon - RESIDENCE MAXIME"|||"97201 : L'Ajoupa-Bouillon"|0|0|0.00||Inc||Inc||Inc||||0.0000|0.0000|0.0000|0.0000|0.0000|0.0000|0.0000|0.0000|0.0000|0.0000|0.0000|0.0000|0.0000|0.0000|||||||"BAT F1 VILLAGE DE R.ROCHE 49 LOT ZAC DE RIVIERE ROCHE "|97200|"FORT DE FRANCE"||Inc|||Inc|Inc|Inc|"1301:Température de l'Eau:N/A | 1302:Potentiel en Hydrogène (pH):N/A | 1305:Matières en suspension:N/A"|0|0|Non|Oui|N/A|Non||Inc||Inc||Inc|||
MARTINIQUE|4|MARTINIQUE|972|"DEAL de Martinique"|"SPE de la Martinique"|080000397210|"Le François- CHOPOTTE"|"Le François"|97210|"En activité"|2013|1|1|1|0|"Taille < 200 EH"|0|150|Oui|Oui|N/A|Oui|2025-11-25|Unitaire|"Absence de rejets directs temps sec"|0||080000397210|"LE FRANCOIS - CHOPOTTE"|Privé|4|"En service"|2012-12-31||"Communauté d'Agglomération de l'Espace Sud de Martinique"|ODYSSI|"Le François"|97210|723801|1618478|"UTM Nord fuseau 20"|39|14.6304491|-60.9222011|150|9|0|0|0|"Boue activée faible charge"||||"Traitement approprié"|2005-12-31|2012-12-31|||||||Oui|"Traitement approprié"||||Non|"Non valide"|Inc|Inc|||Inc|" "|0|0|0|Non|0|0|0|0|0|0|0|0|0|0|0|2025-11-25|"REJET PRINCIPAL DE FRANCOIS - CHOPOTTE"|"Eau douce de surface"|"MARTINIQUE               "|723975|1619336|14.6381872|-60.9205134|Non|"Hors Zone Sensible"|"FR_HZS_00000  "|Non||Non||S080000397210|"Systeme de collecte - FRANCOIS - CHOPOTTE"|FRJC008|"Littoral du Francois au Vauclin"|"97210 : Le François"|0|0|0.00||N/A||N/A||N/A||||0.0000|0.0000|0.0000|0.0000|0.0000|0.0000|0.0000|0.0000|0.0000|0.0000|0.0000|0.0000|0.0000|0.0000|"Communauté d'Agglomération de l'Espace Sud de Martinique"|" Lotissement Frangipanier "|97228|SAINTE-LUCE||"SOCIETE MARTINIQUAISE DES EAUX"|"Lot. Dillon Stade 7-9 rue des Arts et Métiers Bâtiment Flore Gaillard BP162"|97202|FORT-DE-FRANCE||Inc|||N/A|N/A|N/A|"1305:Matières en suspension:Inc"|0|0|Oui|Oui|N/A|Oui||N/A||N/A||N/A|||
MARTINIQUE|4|MARTINIQUE|972|"DEAL de Martinique"|"SPE de la Martinique"|080000997210|"Le François - FREGATE BLEUE"|"Le François"|97210|"En projet"|2018|1|1|1|0|"Taille < 200 EH"|0|30|Oui|Oui|N/A|Oui|2025-11-19|Unitaire|"Absence de rejets directs temps sec"|0||080000797210|"LE FRANCOIS - HOTEL FREGATE BLEU"|Privé|4|"En service"|2023-01-01||||"Le François"|97210|729172|1615760|"UTM Nord fuseau 20"|39|14.6054413|-60.8725967|30|2|0|0|0|||||"Traitement approprié"|2005-12-31||||||||Oui|||||Non|"Non valide"|||||Oui||0|0|0|Non|0|0|0|0|0|0|0|0|0|0|0|2025-11-19|"REJET PRINCIPAL DE FRANCOIS-Hôtel Frégate Bleu"|"Eau douce de surface"|"MARTINIQUE               "|||||Non|"Hors Zone Sensible"|"FR_HZS_00000  "|Non||Non||S080000797210|"Systeme de collecte - FRANCOIS-Hôtel Frégate Bleu"|||"97210 : Le François"|0|0|0.00||N/A||N/A||N/A||||0.0000|0.0000|0.0000|0.0000|0.0000|0.0000|0.0000|0.0000|0.0000|0.0000|0.0000|0.0000|0.0000|0.0000|||||||||||Inc|||N/A|N/A|N/A||0|0|Oui|Oui|N/A|Oui||N/A||N/A||N/A|||
MARTINIQUE|4|MARTINIQUE|972|"DEAL de Martinique"|"SPE de la Martinique"|080000797210|"Le François - LOTISSEMENT POINTE JACQUES"|"Le François"|97210|"En projet"|2018|1|1|1|0|"[ 200 ; 2 000 [ EH"|0|225|Non|Non|N/A|Non|2025-11-19|Unitaire|"Absence de rejets directs temps sec"|0||080000597210|"LE FRANCOIS - LOTISSEMENT POINTE JACQUES"|Privé|4|"En service"|2016-01-01||"STE ANTILLAISE D'INVESTIS & DEVELOP"||"Le François"|97210|729346|1615420|"UTM Nord fuseau 20"|39|14.6023545|-60.8710118|225|14|0|0|0|"Boue activée faible charge"|||2012-06-27|"Traitement approprié"|2005-12-31|2025-01-01|||||||Non|"Traitement approprié"||||Non|"Non valide"|Non|Non|||Non||0|0|0|Non|0|0|0|0|0|0|0|0|0|0|0|2025-11-19|"REJET PRINCIPAL DE FRANCOIS-lot Pointe Jacques"|"Eau douce de surface"|"MARTINIQUE               "|||||Non|"Hors Zone Sensible"|"FR_HZS_00000  "|Non||Non||S080000597210|"Systeme de collecte - FRANCOIS-lot Pointe Jacques"|FRJC008|"Littoral du Francois au Vauclin"|"97210 : Le François"|0|0|0.00||N/A||N/A||N/A||||0.0000|0.0000|0.0000|0.0000|0.0000|0.0000|0.0000|0.0000|0.0000|0.0000|0.0000|0.0000|0.0000|0.0000||||||||||||||N/A|N/A|N/A|"1305:Matières en suspension:Non"|0|0|Non|Non|N/A|Non||N/A||N/A||N/A|||
MARTINIQUE|4|MARTINIQUE|972|"DEAL de Martinique"|"SPE de la Martinique"|080001597213|"Le Lamentin - BLANDIN"|"Le Lamentin"|97213|"En activité"|2023|1|1|1|0|"[ 200 ; 2 000 [ EH"|0|350|Non|Non|N/A|Non|2025-11-19|Séparatif|"Absence de rejets directs temps sec"|0||080001597213|"LE LAMENTIN - BLANDIN "|Privé|4|"En service"|2000-01-28||"ASSOC SYND DE COPROP LOT LES MANGLES"|"SOC EAUX ET ASSAINISSEMENT"|"Le Lamentin"|97213|713516|1616766|"UTM Nord fuseau 20"|39|14.6158114|-61.0177855|350|21|0|0|0|"Boue activée faible charge"|"Epaississement statique gravitaire"|"Arrêté du 22 juin 2007 relatif à l'assainissement des agglomérations"|||||||||||Non|"Traitement secondaire"||||Non|"Non valide"|Non|Non|||Non|"Non transmission complète ou incomplète de l'autosurveillance (STEU)"|0|0|0|Non|0|0|0|0|0|0|0|0|0|0|0|2025-11-19|"REJET PRINCIPAL DE LAMENTIN"|"Eau douce de surface"|"MARTINIQUE               "|713670|1616750|14.6156547|-61.0163578|Non|"Hors Zone Sensible"|"FR_HZS_00000  "|Non||Non||S080001597213|"Systeme de collecte - LAMENTIN"|FRJC015|"Nord Baie de Fort-de-France"|"97213 : Le Lamentin"|0|0|0.00||N/A||N/A|0|N/A|0|||0.0000|0.0000|0.0000|0.0000|0.0000|0.0000|0.0000|0.0000|0.0000|0.0000|0.0000|0.0000|0.0000|0.0000|||||||"BAT F1 VILLAGE DE R.ROCHE 49 LOT ZAC DE RIVIERE ROCHE "|97200|"FORT DE FRANCE"||Non|||N/A|N/A|N/A|"1305:Matières en suspension:Non"|0|0|Non|Non|N/A|Non||N/A||N/A|0|N/A|0||
MARTINIQUE|4|MARTINIQUE|972|"DEAL de Martinique"|"SPE de la Martinique"|080001497213|"Le Lamentin - CONNEXION ZI LES MANGLES "|"Le Lamentin"|97213|"En activité"|2023|1|1|1|0|"Taille < 200 EH"|0|150|Oui|Oui|N/A|Oui|2025-11-19|Séparatif|"Absence de rejets directs temps sec"|0||080001797213|"LE LAMENTIN - CONNEXION ZI LES MANGLES"|Privé|4|"En service"|2000-01-01||"ASSOC SYND DE COPROP LOT LES MANGLES"|"SOC EAUX ET ASSAINISSEMENT"|"Le Lamentin"|97213|713149|1616894|"UTM Nord fuseau 20"|39|14.616997|-61.0211808|150|9|0|0|0|"Boue activée moyenne charge"|"Epaississement statique gravitaire"||||||||||||Oui|"Traitement secondaire"||||Non|"Non valide"|Inc|Inc|||Oui|"Non transmission de l'autosurveillance (STEU)"|0|0|0|Non|0|0|0|0|0|0|0|0|0|0|0|2025-11-19|"REJET PRINCIPAL DE LAMENTIN-Connexion"|"Eau douce de surface"|"MARTINIQUE               "|713149|1616890|14.6169609|-61.0211812|Non|"Hors Zone Sensible"|"FR_HZS_00000  "|Non||Non||S080001797213|"Systeme de collecte - LAMENTIN-Connexion"|FRJC015|"Nord Baie de Fort-de-France"|"97213 : Le Lamentin"|0|0|0.00||N/A||N/A|0|N/A|0|||0.0000|0.0000|0.0000|0.0000|0.0000|0.0000|0.0000|0.0000|0.0000|0.0000|0.0000|0.0000|0.0000|0.0000|||||||"BAT F1 VILLAGE DE R.ROCHE 49 LOT ZAC DE RIVIERE ROCHE "|97200|"FORT DE FRANCE"||Inc|||N/A|N/A|N/A|"1305:Matières en suspension:Inc"|0|0|Oui|Oui|N/A|Oui||N/A||N/A|0|N/A|0||
MARTINIQUE|4|MARTINIQUE|972|"DEAL de Martinique"|"SPE de la Martinique"|080001197213|"Le Lamentin IMMOBILIER SOUDON"|"Le Lamentin"|97213|"En activité"|2023|1|1|1|0|"[ 200 ; 2 000 [ EH"|0|225|Non|Inc|N/A|Non|2025-11-19|Unitaire|"Absence de rejets directs temps sec"|0||080002897213|"LE LAMENTIN - IMMOBILIER SOUDON"|Privé|4|"En service"|2023-01-01||||"Le Lamentin"|97213|714418|1620117|"UTM Nord fuseau 20"|39|14.6460198|-61.0091422|225|14|0|0|0|||"Arrêté du 21 juillet 2015 relatif à l'assainissement des agglomérations"||"Traitement approprié"|2005-12-31||||||||Non|||||Non|"Non valide"|Inc|Inc|||Inc||0|0|0|Non|0|0|0|0|0|0|0|0|0|0|0|2025-11-19|"REJET PRINCIPAL DE Le Lamentin - Immobilier Soudon"|"Eau douce de surface"|MARTINIQUE|||||Non|"Hors Zone Sensible"|"FR_HZS_00000  "|Non||Non||S080002897213|"Systeme de collecte - Le Lamentin - Immobilier Soudon"|||"97213 : Le Lamentin"|0|0|0.00||N/A||N/A||N/A||||0.0000|0.0000|0.0000|0.0000|0.0000|0.0000|0.0000|0.0000|0.0000|0.0000|0.0000|0.0000|0.0000|0.0000|||||||||||Inc|||N/A|N/A|N/A||0|0|Non|Inc|N/A|Non||N/A||N/A||N/A|||
MARTINIQUE|4|MARTINIQUE|972|"DEAL de Martinique"|"SPE de la Martinique"|080001797213|"Le Lamentin - LA MAUGEE 1 RESIDENCE HELI"|"Le Lamentin"|97213|"En activité"|2023|1|1|1|0|"[ 200 ; 2 000 [ EH"|0|400|Non|Non|N/A|Non|2025-11-19|Unitaire|"Absence de rejets directs temps sec"|0||080003397213|"LE LAMENTIN - LA MAUGEE 1 RESIDENCE HELICONIA"|Privé|4|"En service"|2023-01-01||"SOCIETE OZANAM S.A HABIT LOYER MODERE"|"SOC EAUX ET ASSAINISSEMENT"|"Le Lamentin"|97213|714418|1620305|"UTM Nord fuseau 20"|39|14.6477186|-61.0091269|400|24|0|0|0|||"Arrêté du 21 juillet 2015 relatif à l'assainissement des agglomérations"||"Traitement approprié"|2005-12-31|2025-01-01|||||||Non|||||Non|"Non valide"|Non|Non|||Non|"Autosurveillance jugée incorrecte par AE /ODE (STEU)"|0|0|0|Non|0|0|0|0|0|2|0|0|0|0|0|2025-11-19|"REJET PRINCIPAL DE Le Lamentin"|"Eau douce de surface"|MARTINIQUE|||||Non|"Hors Zone Sensible"|"FR_HZS_00000  "|Non||Non||S080003397213|"Systeme de collecte - Le Lamentin"|||"97213 : Le Lamentin"|0|0|0.00||N/A||N/A||N/A||||0.0000|0.0000|0.0000|0.0000|0.0000|0.0000|0.0000|0.0000|0.0000|0.0000|0.0000|0.0000|0.0000|0.0000|||||||"BAT F1 VILLAGE DE R.ROCHE 49 LOT ZAC DE RIVIERE ROCHE "|97200|"FORT DE FRANCE"||Non|||N/A|N/A|N/A|"1305:Matières en suspension:Non"|0|0|Non|Non|N/A|Non||N/A||N/A||N/A|||
MARTINIQUE|4|MARTINIQUE|972|"DEAL de Martinique"|"SPE de la Martinique"|080001897213|"Le Lamentin - LA MAUGEE 2 RESIDENCE SOUD"|"Le Lamentin"|97213|"En activité"|2023|1|1|1|0|"[ 200 ; 2 000 [ EH"|0|340|Non|Inc|N/A|Non|2025-11-19|Unitaire|"Absence de rejets directs temps sec"|0||080003497213|"LE LAMENTIN - LA MAUGEE 2 ALAMANDAS SOLEIL"|Privé|4|"En service"|2023-01-01||"SOCIETE OZANAM S.A HABIT LOYER MODERE"|"SOC EAUX ET ASSAINISSEMENT"|"Le Lamentin"|97213|714425|1620187|"UTM Nord fuseau 20"|39|14.6466518|-61.0090715|340|20|0|0|0|||"Arrêté du 21 juillet 2015 relatif à l'assainissement des agglomérations"||"Traitement approprié"|2005-12-31||||||||Non|||||Non|"Non valide"|Inc|Inc|||Inc||0|0|0|Non|0|0|0|0|0|3|0|0|0|0|0|2025-11-19|"REJET PRINCIPAL DE Le Lamentin"|"Eau douce de surface"|MARTINIQUE|||||Non|"Hors Zone Sensible"|"FR_HZS_00000  "|Non||Non||S080003497213|"Systeme de collecte - Le Lamentin"|||"97213 : Le Lamentin"|0|0|0.00||N/A||N/A||N/A||||0.0000|0.0000|0.0000|0.0000|0.0000|0.0000|0.0000|0.0000|0.0000|0.0000|0.0000|0.0000|0.0000|0.0000|||||||"BAT F1 VILLAGE DE R.ROCHE 49 LOT ZAC DE RIVIERE ROCHE "|97200|"FORT DE FRANCE"||Inc|||N/A|N/A|N/A|"1305:Matières en suspension:Inc"|0|0|Non|Inc|N/A|Non||N/A||N/A||N/A|||
MARTINIQUE|4|MARTINIQUE|972|"DEAL de Martinique"|"SPE de la Martinique"|080000497213|"Le Lamentin - LYCEE CROIX-RIVAIL"|"Le Lamentin"|97213|"En activité"|1990|1|1|1|0|"[ 200 ; 2 000 [ EH"|0|400|Non|Non|N/A|Non|2025-11-19|Unitaire|"Absence de rejets directs temps sec"|0||080001297213|"LE LAMENTIN - LYCEE CROIX RIVAIL"|Privé|4|"En service"|1990-01-01||"COLLECTIVITE TERRITORIALE DE MARTINIQUE"|"SOCIETE MARTINIQUAISE DES EAUX"|"Le Lamentin"|97213|719487|1616076|"UTM Nord fuseau 20"|39|14.609099|-60.9624348|400|24|0|0|0|"Boue activée faible charge"|"Lits de séchage"|||"Traitement approprié"|2005-12-31|2024-01-01|||||||Non|"Traitement secondaire"||||Non|"Non valide"|Non|Non|||Non|"Non transmission complète ou incomplète de l'autosurveillance (STEU)"|0|0|0|Non|0|0|0|0|0|0|0|0|0|0|0|2025-11-19|"REJET PRINCIPAL DE LAMENTIN"|"Eau douce de surface"|"MARTINIQUE               "|719429|1616425|14.6122572|-60.9629439|Non|"Hors Zone Sensible"|"FR_HZS_00000  "|Non||Non||S080001297213|"Systeme de collecte - LAMENTIN"|FRJR112|"Lézarde Moyenne"|"97213 : Le Lamentin"|0|0|0.00||N/A||N/A||N/A||||0.0000|0.0000|0.0000|0.0000|0.0000|0.0000|0.0000|0.0000|0.0000|0.0000|0.0000|0.0000|0.0000|0.0000|"COLLECTIVITE TERRITORIALE DE MARTINIQUE"|"Hôtel de région Rue Gaston-Defferre  Cluny CS 30137 - BP 601"|97201|"Fort-de-France Cedex"||"SOCIETE MARTINIQUAISE DES EAUX"|"   PLACE D ARMES BP 213"|97232|LAMENTIN||Non|||N/A|N/A|N/A|"1305:Matières en suspension:Non"|0|0|Non|Non|N/A|Non||N/A||N/A||N/A|||
MARTINIQUE|4|MARTINIQUE|972|"DEAL de Martinique"|"SPE de la Martinique"|080001397213|"Le Lamentin - MULTIGROS"|"Le Lamentin"|97213|"En activité"|2023|1|1|1|0|"Taille < 200 EH"|0|150|Oui|Oui|N/A|Oui|2025-11-19|Séparatif|"Absence de rejets directs temps sec"|0||080001997213|"LE LAMENTIN - MULTIGROS"|Privé|4|"En service"|2015-01-01||"MAGPLUS IMMOBILIER"||"Le Lamentin"|97213|711806|1617050|"UTM Nord fuseau 20"|39|14.6185121|-61.0336311|150|9|0|0|0|"Boue activée moyenne charge"|"Epaississement statique gravitaire"||||||||||||Oui|"Traitement secondaire"||||Non|"Non valide"|Inc|Inc|||Oui|"Non transmission de l'autosurveillance (STEU)"|0|0|0|Non|0|0|0|0|0|0|0|0|0|0|0|2025-11-19|"REJET PRINCIPAL DE LAMENTIN-Multigros"|"Eau douce de surface"|"MARTINIQUE               "|711806|1617050|14.6185121|-61.0336311|Non|"Hors Zone Sensible"|"FR_HZS_00000  "|Non||Non||S080001997213|"Systeme de collecte - LAMENTIN-Multigros"|FRJC015|"Nord Baie de Fort-de-France"|"97213 : Le Lamentin"|0|0|0.00||N/A||N/A|0|N/A|0|||0.0000|0.0000|0.0000|0.0000|0.0000|0.0000|0.0000|0.0000|0.0000|0.0000|0.0000|0.0000|0.0000|0.0000|||||||||||Inc|||N/A|N/A|N/A|"1305:Matières en suspension:Inc"|0|0|Oui|Oui|N/A|Oui||N/A||N/A|0|N/A|0||
MARTINIQUE|4|MARTINIQUE|972|"DEAL de Martinique"|"SPE de la Martinique"|080001297213|"Le Lamentin RESIDENCE DESHABAYS"|"Le Lamentin"|97213|"En activité"|2023|1|1|1|0|"Taille < 200 EH"|0|198|Oui|Oui|N/A|Oui|2025-11-19|Unitaire|"Absence de rejets directs temps sec"|0||080001697213|"LE LAMENTIN - RESIDENCE DESHABAYS"|Privé|4|"En service"|2023-01-01||||"Le Lamentin"|97213|714311|1619135|"UTM Nord fuseau 20"|39|14.637155|-61.0102153|198|12|0|0|0|||"Arrêté du 21 juillet 2015 relatif à l'assainissement des agglomérations"||"Traitement approprié"|2005-12-31||||||||Oui|||||Non|"Non valide"|Inc|Inc|||Oui||0|0|0|Non|0|0|0|0|0|0|0|0|0|0|0|2025-11-19|"REJET PRINCIPAL DE Le Lamentin - Residence Deshaba"|"Eau douce de surface"|MARTINIQUE|||||Non|"Hors Zone Sensible"|"FR_HZS_00000  "|Non||Non||S080001697213|"Systeme de collecte - Le Lamentin - Residence Deshabays"|||"97213 : Le Lamentin"|0|0|0.00||N/A||N/A||N/A||||0.0000|0.0000|0.0000|0.0000|0.0000|0.0000|0.0000|0.0000|0.0000|0.0000|0.0000|0.0000|0.0000|0.0000|||||||||||Inc|||N/A|N/A|N/A|"1301:Température de l'Eau:Inc | 1302:Potentiel en Hydrogène (pH):Inc | 1305:Matières en suspension:Inc"|0|0|Oui|Oui|N/A|Oui||N/A||N/A||N/A|||
MARTINIQUE|4|MARTINIQUE|972|"DEAL de Martinique"|"SPE de la Martinique"|080001097213|"Le Lamentin RESIDENCE LA COMMANDERIE"|"Le Lamentin"|97213|"En activité"|2023|1|1|1|0|"[ 200 ; 2 000 [ EH"|0|350|Non|Inc|N/A|Non|2025-11-19|Unitaire|"Absence de rejets directs temps sec"|0||080003797213|"LE LAMENTIN - RESIDENCE LA COMMANDERIE"|Privé|4|"En service"|2023-01-01||||"Le Lamentin"|97213|711832|1619873|"UTM Nord fuseau 20"|39|14.6440192|-61.0331626|350|21|0|0|0|||"Arrêté du 21 juillet 2015 relatif à l'assainissement des agglomérations"||"Traitement approprié"|2005-12-31||||||||Non|||||Non|"Non valide"|Inc|Inc|||Inc||0|0|0|Non|0|0|0|0|0|0|0|0|0|0|0|2025-11-19|"REJET PRINCIPAL DE Le Lamentin - Résidence la Comm"|"Eau douce de surface"|MARTINIQUE|||||Non|"Hors Zone Sensible"|"FR_HZS_00000  "|Non||Non||S080003797213|"Systeme de collecte - Le Lamentin - Résidence la Commanderie"|||"97213 : Le Lamentin"|0|0|0.00||N/A||N/A||N/A||||0.0000|0.0000|0.0000|0.0000|0.0000|0.0000|0.0000|0.0000|0.0000|0.0000|0.0000|0.0000|0.0000|0.0000|||||||||||Inc|||N/A|N/A|N/A||0|0|Non|Inc|N/A|Non||N/A||N/A||N/A|||
MARTINIQUE|4|MARTINIQUE|972|"DEAL de Martinique"|"SPE de la Martinique"|080000697213|"Le Lamentin- RESIDENCE SOROCA"|"Le Lamentin"|97213|"En activité"|2018|1|1|1|171|"[ 200 ; 2 000 [ EH"|171|250|Non|Non|N/A|Non|2025-11-19|Unitaire|"Absence de rejets directs temps sec"|0||080002297213|"LE LAMENTIN - RESIDENCE SOROCA"|Privé|4|"En service"|2018-01-01||SIMAR|"SOC EAUX ET ASSAINISSEMENT"|"Le Lamentin"|97213|719327|1618708|"UTM Nord fuseau 20"|39|14.6328941|-60.9637003|250|15|0|171|32|||"Arrêté du 21 juillet 2015 relatif à l'assainissement des agglomérations"||"Traitement approprié"|2005-12-31|2030-01-01|||||||Non|||||Non|"Non valide"|Non|Non|||Non|"Non transmission complète ou incomplète de l'autosurveillance (STEU)"|0|0|0|Non|0|0|0|0|0|0|0|0|0|0|0|2025-11-19|"REJET PRINCIPAL DE RESIDENCE SOROCA"|"Eau douce de surface"|MARTINIQUE|||||Non|"Hors Zone Sensible"|"FR_HZS_00000  "|Non||Non||S080002297213|"Systeme de collecte - Résidence Soroca"|FRJR112|"Lézarde Moyenne"|"97213 : Le Lamentin"|0|0|0.00||N/A||N/A||N/A||||0.0900|0.0000|0.0000|0.0000|0.0000|0.0000|0.0000|0.0000|0.0000|0.0000|0.0000|0.0000|0.0000|0.0000|SIMAR|"Petit Paradis BP 7214 "|97274|SCHOELCHER||CAIALI|"BAT F1 VILLAGE DE R.ROCHE 49 LOT ZAC DE RIVIERE ROCHE "|97200|"FORT DE FRANCE"|||||N/A|N/A|N/A|"1305:Matières en suspension:Non"|0|0|Non|Non|N/A|Non||N/A||N/A||N/A|||
MARTINIQUE|4|MARTINIQUE|972|"DEAL de Martinique"|"SPE de la Martinique"|080001697213|"Le Lamentin - RESIDENCE THALIA"|"Le Lamentin"|97213|"En activité"|2023|1|1|1|0|"[ 200 ; 2 000 [ EH"|0|200|Non|Inc|N/A|Non|2025-11-19|Unitaire|"Absence de rejets directs temps sec"|0||080002397213|"LE LAMENTIN - RESIDENCE THALIA"|Privé|4|"En service"|2023-01-01||||"Le Lamentin"|97213|716253|1619016|"UTM Nord fuseau 20"|39|14.6359249|-60.9922023|200|12|0|0|0|||"Arrêté du 21 juillet 2015 relatif à l'assainissement des agglomérations"||"Traitement approprié"|2005-12-31||||||||Non|||||Non|"Non valide"|Inc|Inc|||Inc||0|0|0|Non|0|0|0|0|0|0|0|0|0|0|0|2025-11-19|"REJET PRINCIPAL DE Le Lamentin"|"Eau douce de surface"|MARTINIQUE|||||Non|"Hors Zone Sensible"|"FR_HZS_00000  "|Non||Non||S080002397213|"Systeme de collecte - Le Lamentin"|||"97213 : Le Lamentin"|0|0|0.00||N/A||N/A||N/A||||0.0000|0.0000|0.0000|0.0000|0.0000|0.0000|0.0000|0.0000|0.0000|0.0000|0.0000|0.0000|0.0000|0.0000|||||||||||Inc|||N/A|N/A|N/A||0|0|Non|Inc|N/A|Non||N/A||N/A||N/A|||
MARTINIQUE|4|MARTINIQUE|972|"DEAL de Martinique"|"SPE de la Martinique"|080000797214|"Le Lorrain - BEAUCHAMP"|"Le Lorrain"|97214|"En projet"|2023|1|1|1|0|"[ 200 ; 2 000 [ EH"|0|225|Oui|Non|N/A|Non|2025-12-12|Unitaire|"Absence de rejets directs temps sec"|0||080000597214|"LE LORRAIN - BEAUCHAMP"|Privé|4|"En service"|2023-02-02||"LA MARTINIQ HLM SA HABIT LOYER MODERE"|"COTRAM Assainissement"|"Le Lorrain"|97214|706765|1640751|"UTM Nord fuseau 20"|39|14.8330723|-61.0785362|225|14|0|0|0|||"Arrêté du 21 juillet 2015 relatif à l'assainissement des agglomérations"||"Traitement approprié"|2005-12-31||||||||Oui|||||Non|"Non valide"|Non|Non|||Non||0|0|0|Non|0|0|0|0|0|0|0|0|0|0|0|2025-12-12|"REJET PRINCIPAL DE Le Lorrain"|"Eau douce de surface"|MARTINIQUE|||||Non|"Hors Zone Sensible"|"FR_HZS_00000  "|Non||Non||S080000597214|"Systeme de collecte - Le Lorrain"|||"97214 : Le Lorrain"|0|0|0.00||Inc||Inc||Inc||||0.0000|0.0000|0.0000|0.0000|0.0000|0.0000|0.0000|0.0000|0.0000|0.0000|0.0000|0.0000|0.0000|0.0000|||||||"  PELLETIER"|97232|LAMENTIN|||||Inc|Inc|Inc|"1305:Matières en suspension:Non"|0|0|Oui|Non|N/A|Non||Inc||Inc||Inc|||
MARTINIQUE|4|MARTINIQUE|972|"DEAL de Martinique"|"SPE de la Martinique"|080000497214|"Le Lorrain - BON REPOS VIVE NORD"|"Le Lorrain"|97214|"En activité"|2023|1|1|1|342|"[ 200 ; 2 000 [ EH"|342|280|Non|Non|N/A|Non|2025-11-19|Unitaire|"Absence de rejets directs temps sec"|0||080000797214|"LE LORRAIN - BON REPOS VIVE NORD"|Privé|4|"En service"|2023-01-01||"SOCIETE OZANAM S.A HABIT LOYER MODERE"|"SOC EAUX ET ASSAINISSEMENT"|"Le Lorrain"|97214|706007|1640735|"UTM Nord fuseau 20"|39|14.8329865|-61.0855787|280|17|0|342|26|||"Arrêté du 21 juillet 2015 relatif à l'assainissement des agglomérations"||"Traitement approprié"|2005-12-31|2024-12-31|||||||Non|||||Non|"Non valide"|Non|Non|||Non|"Autosurveillance jugée incorrecte par AE /ODE (STEU)"|0|0|0|Non|0|0|0|0|0|0|0|0|0|0|0|2025-11-19|"REJET PRINCIPAL DE Le Lorrain"|"Eau douce de surface"|MARTINIQUE|||||Non|"Hors Zone Sensible"|"FR_HZS_00000  "|Non||Non||S080000797214|"Systeme de collecte - Le Lorrain"|||"97214 : Le Lorrain"|0|0|0.00||N/A||N/A||N/A||||0.0700|0.0000|0.0000|0.0000|0.0000|0.0000|0.0000|0.0000|0.0000|0.0000|0.0000|0.0000|0.0000|0.0000|||||||"BAT F1 VILLAGE DE R.ROCHE 49 LOT ZAC DE RIVIERE ROCHE "|97200|"FORT DE FRANCE"||Non|||N/A|N/A|N/A|"1305:Matières en suspension:Non"|0|0|Non|Non|N/A|Non||N/A||N/A||N/A|||
MARTINIQUE|4|MARTINIQUE|972|"DEAL de Martinique"|"SPE de la Martinique"|080000697214|"Le Lorrain - LOTISSEMENT SEGUINEAU"|"Le Lorrain"|97214|"En activité"|2023|1|1|1|0|"[ 200 ; 2 000 [ EH"|0|420|Non|Non|N/A|Non|2025-11-19|Unitaire|"Absence de rejets directs temps sec"|0||080000897214|"LE LORRAIN - LOTISSEMENT SEGUINEAU"|Privé|4|"En service"|2023-01-01||||"Le Lorrain"|97214|710444|1641046|"UTM Nord fuseau 20"|39|14.8354499|-61.0443374|420|25|0|0|0|||"Arrêté du 21 juillet 2015 relatif à l'assainissement des agglomérations"||"Traitement approprié"|2005-12-31|2030-01-01|||||||Non|||||Non|"Non valide"|Non|Non|||Non|"Non transmission complète ou incomplète de l'autosurveillance (STEU)"|0|0|0|Non|0|0|0|0|0|0|0|0|0|0|0|2025-11-19|"REJET PRINCIPAL DE Le Lorrain - LOTISSEMENT SEGUIN"|"Eau douce de surface"|MARTINIQUE|||||Non|"Hors Zone Sensible"|"FR_HZS_00000  "|Non||Non||S080000897214|"Systeme de collecte - Le Lorrain - LOTISSEMENT SEGUINEAU"|||"97214 : Le Lorrain"|0|0|0.00||N/A||N/A||N/A||||0.0000|0.0000|0.0000|0.0000|0.0000|0.0000|0.0000|0.0000|0.0000|0.0000|0.0000|0.0000|0.0000|0.0000|||||||||||Non|||N/A|N/A|N/A|"1301:Température de l'Eau:Inc | 1302:Potentiel en Hydrogène (pH):Inc | 1305:Matières en suspension:Non"|0|0|Non|Non|N/A|Non||N/A||N/A||N/A|||
MARTINIQUE|4|MARTINIQUE|972|"DEAL de Martinique"|"SPE de la Martinique"|080000997218|"Le Morne-Rouge - RESIDENCE CHADEC"|"Le Morne-Rouge"|97218|"En activité"|2023|1|1|1|0|"Taille < 200 EH"|0|105|Oui|Oui|N/A|Oui|2025-11-19|Séparatif|"Absence de rejets directs temps sec"|0||080001597218|"LE MORNE-ROUGE - RESIDENCE CHADEC"|Privé|4|"En service"|2011-01-01||SIMAR|"SOC EAUX ET ASSAINISSEMENT"|"Le Morne-Rouge"|97218|700871|1634597|"UTM Nord fuseau 20"|39|14.7779123|-61.1337639|105|6|0|0|0|"Lit bactérien"|"Epaississement statique gravitaire"||||||||||||Oui|"Traitement approprié"||||Non|"Non valide"|Inc|Inc|||Oui|"Non transmission de l'autosurveillance"|0|0|0|Non|0|0|0|0|0|0|0|0|0|0|0|2025-11-19|"REJET PRINCIPAL DE MORNE-ROUGE"|"Eau douce de surface"|"MARTINIQUE               "|700872|1634600|14.7779393|-61.1337544|Non|"Hors Zone Sensible"|"FR_HZS_00000  "|Non||Non||S080001597218|"Systeme de collecte - MORNE-ROUGE"|FRJR102|Capot|"97218 : Le Morne-Rouge"|0|0|0.00||N/A||N/A||N/A||||0.0000|0.0000|0.0000|0.0000|0.0000|0.0000|0.0000|0.0000|0.0000|0.0000|0.0000|0.0000|0.0000|0.0000|"Communauté d'Agglomération du Pays Nord Martinique"|" 39 Lotissement la Marie "|97225|MARIGOT||"SOCIETE MARTINIQUAISE DES EAUX"|"BAT F1 VILLAGE DE R.ROCHE 49 LOT ZAC DE RIVIERE ROCHE "|97200|"FORT DE FRANCE"||Inc|||N/A|N/A|N/A|"1305:Matières en suspension:Inc"|0|0|Oui|Oui|N/A|Oui||N/A||N/A||N/A|||
MARTINIQUE|4|MARTINIQUE|972|"DEAL de Martinique"|"SPE de la Martinique"|080000697222|"Le Robert- MANSARDE CATALOGNE "|"Le Robert"|97222|"En activité"|2015|1|1|1|0|"[ 200 ; 2 000 [ EH"|0|400|Non|Non|N/A|Non|2025-11-19|Séparatif|"Absence de rejets directs temps sec"|0||080001397222|"LE ROBERT - SARL CATALOGNE"|Privé|4|"En service"|2018-01-01||"SCI LA CATALOGNE"||"Le Robert"|97222|720500|1623940|"UTM Nord fuseau 20"|39|14.6800734|-60.9523755|400|24|0|0|0|"Disques biologiques"||"Arrêté du 21 juillet 2015 relatif à l'assainissement des agglomérations"|2011-09-08|"Traitement approprié"|2005-12-31|2024-01-01|||||||Non|"Traitement approprié"||||Non|"Non valide"|Non|Non|||Non|"Non transmission complète ou incomplète de l'autosurveillance (STEU)"|0|0|0|Non|0|0|0|0|0|0|0|0|0|0|0|2025-11-19|"REJET PRINCIPAL DE ROBERT-Sarl Catalogne"|"Eau douce de surface"|"MARTINIQUE               "|||||Non|"Hors Zone Sensible"|"FR_HZS_00000  "|Non||Non||S080001397222|"Systeme de collecte - ROBERT-Sarl Catalogne"|||"97222 : Le Robert"|0|0|0.00||N/A||N/A||N/A||||0.0000|0.0000|0.0000|0.0000|0.0000|0.0000|0.0000|0.0000|0.0000|0.0000|0.0000|0.0000|0.0000|0.0000|||||||||||Non|||N/A|N/A|N/A|"1305:Matières en suspension:Non"|0|0|Non|Non|N/A|Non||N/A||N/A||N/A|||
MARTINIQUE|4|MARTINIQUE|972|"DEAL de Martinique"|"SPE de la Martinique"|080000597222|"Le Robert - RESIDENCE HELIA"|"Le Robert"|97222|"En activité"|2015|1|1|1|0|"Taille < 200 EH"|0|50|Non|Oui|N/A|Non|2025-11-19|Unitaire|"Absence de rejets directs temps sec"|0||080001297222|"LE ROBERT - RESIDENCE HELIA"|Privé|4|"En service"|2015-01-01||||"Le Robert"|97222|721002|1623588|"UTM Nord fuseau 20"|39|14.6768517|-60.9477456|50|3|0|0|0|Biofiltre||||"Traitement approprié"|0000-00-00|2023-12-31|||||||Non|"Traitement approprié"||||Non|"Non valide"|Inc|Inc|||Oui|" "|0|0|0|Non|0|0|0|0|0|0|0|0|0|0|0|2025-11-19|"REJET PRINCIPAL DE ROBERT-Résidence Hélia"|"Eau douce de surface"|"MARTINIQUE               "|||||Non|"Hors Zone Sensible"|"FR_HZS_00000  "|Non||Non||S080001297222|"Systeme de collecte - ROBERT-Résidence Hélia"|||"97222 : Le Robert"|0|0|0.00||N/A||N/A||N/A||||0.0000|0.0000|0.0000|0.0000|0.0000|0.0000|0.0000|0.0000|0.0000|0.0000|0.0000|0.0000|0.0000|0.0000|||||||||||Inc|||N/A|N/A|N/A|"1305:Matières en suspension:Inc"|0|0|Non|Oui|N/A|Non||N/A||N/A||N/A|||
MARTINIQUE|4|MARTINIQUE|972|"DEAL de Martinique"|"SPE de la Martinique"|080000397231|"Les Trois-Îlets  - LES HAMEAUX DE LA PAG"|"Les Trois-Îlets"|97231|"En projet"|2023|1|1|1|0|"[ 200 ; 2 000 [ EH"|0|250|Non|Non|N/A|Non|2025-12-12|Unitaire|"Absence de rejets directs temps sec"|0||080000597231|"LES TROIS-ILETS - LES HAMEAUX DE LA PAGERIE"|Privé|4|"En service"|2012-12-31|||"SCI LES HAMEAUX DE LA PAGERIE"|"Les Trois-Îlets"|97231|709996|1607466|"UTM Nord fuseau 20"|39|14.5320494|-61.0511894|250|15|0|0|0|||"Arrêté du 21 juillet 2015 relatif à l'assainissement des agglomérations"||"Traitement approprié"|2005-12-31|2025-01-01|||||||Non|"Traitement secondaire"||||Non|"Non valide"|Non|Non|||Non||0|0|0|Non|0|0|0|0|0|0|0|0|0|0|0|2025-12-12|"REJET PRINCIPAL DE Les Trois-Îlets - LES HAMEAUX D"|"Eau douce de surface"|MARTINIQUE|||||Non|"Hors Zone Sensible"|"FR_HZS_00000  "|Non||Non||S080000597231|"Systeme de collecte - Les Trois-Îlets - LES HAMEAUX DE LA PA"|||"97231 : Les Trois-Îlets"|0|0|0.00||Inc||Inc||Inc||||0.0000|0.0000|0.0000|0.0000|0.0000|0.0000|0.0000|0.0000|0.0000|0.0000|0.0000|0.0000|0.0000|0.0000|||||||" LA CLOUETTE "|97229|"LES TROIS-ILETS"|||||Inc|Inc|Inc|"1305:Matières en suspension:Non"|0|0|Non|Non|N/A|Non||Inc||Inc||Inc|||
MARTINIQUE|4|MARTINIQUE|972|"DEAL de Martinique"|"SPE de la Martinique"|080000297214|"LORRAIN-RÉSIDENCE CANNE À SUCRE"|"Le Lorrain"|97214|"En activité"|2012|1|1|1|0|"[ 200 ; 2 000 [ EH"|0|400|Non|Non|N/A|Non|2025-11-19|Unitaire|"Absence de rejets directs temps sec"|0||080000697214|"LE LORRAIN - RESIDENCE CANNE A SUCRE"|Privé|4|"En service"|2016-12-31||SIMAR|"COTRAM Assainissement"|"Le Lorrain"|97214|710050|1640347|"UTM Nord fuseau 20"|39|14.8291648|-61.048054|400|24|0|0|0|||||"Traitement approprié"|2005-12-31|2025-01-01|||||||Non|||||Non|"Non valide"|Non|Non|||Non|"Autosurveillance jugée incorrecte par AE /ODE (STEU)"|0|0|0|Non|0|0|0|0|0|0|0|0|0|0|0|2025-11-19|"REJET PRINCIPAL DE LORRAIN"|"Eau douce de surface"|MARTINIQUE|710030|1640374|14.8294103|-61.0482376|Non|"Hors Zone Sensible"|"FR_HZS_00000  "|Non||Non||S080000697214|"Systeme de collecte - LORRAIN"|FRJC004|"Nord-Atlantique, plateau insulaire"|"97214 : Le Lorrain"|0|0|0.00||N/A||N/A||N/A||||0.0000|0.0000|0.0000|0.0000|0.0000|0.0000|0.0000|0.0000|0.0000|0.0000|0.0000|0.0000|0.0000|0.0000|SIMAR|"Petit Paradis BP 7214 "|97274|SCHOELCHER||CAIALI|"  PELLETIER"|97232|LAMENTIN|||||N/A|N/A|N/A|"1305:Matières en suspension:Non"|0|0|Non|Non|N/A|Non||N/A||N/A||N/A|||
MARTINIQUE|4|MARTINIQUE|972|"DEAL de Martinique"|"SPE de la Martinique"|080000397214|"LORRAIN-RESIDENCE MACEDOINE"|"Le Lorrain"|97214|"En activité"|2018|1|1|1|329|"[ 200 ; 2 000 [ EH"|329|300|Non|Non|N/A|Non|2025-11-19|Unitaire|"Absence de rejets directs temps sec"|0||080000497214|"LE LORRAIN - RESIDENCE MACEDOINE"|Privé|4|"En service"|2018-01-01||"SOCIETE OZANAM S.A HABIT LOYER MODERE"|"COTRAM Assainissement"|"Le Lorrain"|97214|707534|1638670|"UTM Nord fuseau 20"|39|14.8142082|-61.0715593|300|18|0|329|27|||"Arrêté du 21 juillet 2015 relatif à l'assainissement des agglomérations"||"Traitement approprié"|2005-12-31|2025-01-01|||||||Non|||||Non|"Non valide"|Non|Non|||Non||0|0|0|Non|0|0|0|0|0|0|0|0|0|0|0|2025-11-19|"REJET PRINCIPAL DE LERESIDENCE-MACEDOINE"|"Eau douce de surface"|MARTINIQUE|707602|1638642|14.8139499|-61.0709299|Non|"Hors Zone Sensible"|"FR_HZS_00000  "|Non||Non||S080000497214|"Systeme de collecte - LERESIDENCE-MACEDOINE"|FRJC004|"Nord-Atlantique, plateau insulaire"|"97214 : Le Lorrain"|0|0|0.00||N/A||N/A||N/A||||0.0700|0.0000|0.0000|0.0000|0.0000|0.0000|0.0000|0.0000|0.0000|0.0000|0.0000|0.0000|0.0000|0.0000|||||||"  PELLETIER"|97232|LAMENTIN||Non|||N/A|N/A|N/A|"1301:Température de l'Eau:N/A | 1302:Potentiel en Hydrogène (pH):N/A | 1305:Matières en suspension:Non"|0|0|Non|Non|N/A|Non||N/A||N/A||N/A|||
MARTINIQUE|4|MARTINIQUE|972|"DEAL de Martinique"|"SPE de la Martinique"|080000497220|RIVIERE-PILOTE-JOSSEAU|Rivière-Pilote|97220|"En activité"|2018|1|1|1|0|"[ 200 ; 2 000 [ EH"|0|225|Non|Non|N/A|Non|2025-11-19|Unitaire|"Absence de rejets directs temps sec"|0||080000897220|"RIVIERE-PILOTE - RESIDENCE MALVINA ET LUMINA"|Privé|4|"En service"|2018-01-01||SIMAR|"SO.TR.A.G. SOCIETE DE TRAVAUX ANTILLES"|Rivière-Pilote|97220|728124|1606805|"UTM Nord fuseau 20"|39|14.5246181|-60.8830929|225|14|0|0|0|||"Arrêté du 21 juillet 2015 relatif à l'assainissement des agglomérations"||"Traitement approprié"|2005-12-31|2025-01-01|||||||Non|||||Non|"Non valide"|Non|Non|||Non|"Non transmission complète ou incomplète de l'autosurveillance (STEU)"|0|0|0|Non|0|0|0|0|0|0|0|0|0|0|0|2025-11-19|"REJET PRINCIPAL DE RIVIERE-PILOTE-Résidence Malvin"|"Eau douce de surface"|MARTINIQUE|||||Non|"Hors Zone Sensible"|"FR_HZS_00000  "|Non||Non||S080000897220|"Systeme de collecte - RIVIERE-PILOTE-Résidence Malvina et Lu"|FRJR108|"Grande Rivière Pilote"|"97220 : Rivière-Pilote"|0|0|0.00||N/A||N/A||N/A||||0.0000|0.0000|0.0000|0.0000|0.0000|0.0000|0.0000|0.0000|0.0000|0.0000|0.0000|0.0000|0.0000|0.0000|SIMAR|"Petit Paradis BP 7214 "|97274|SCHOELCHER||"SO.TR.A.G. SOCIETE DE TRAVAUX ANTILLES"|"LOTISSEMENT DILLON STADE 14 RUE GEORGES EUCHARIS "|97200|"FORT DE FRANCE"||Non|||N/A|N/A|N/A|"1305:Matières en suspension:Non"|0|0|Non|Non|N/A|Non||N/A||N/A||N/A|||
MARTINIQUE|4|MARTINIQUE|972|"DEAL de Martinique"|"SPE de la Martinique"|080000197220|RIVIERE-PILOTE-MANIKOU|Rivière-Pilote|97220|"En activité"|2006|1|3|3|316|"[ 200 ; 2 000 [ EH"|316|2250|Non|Non|N/A|Non|2025-12-02|Mixte|"Absence de rejets directs temps sec"|0||080000397220|"RIVIERE-PILOTE - MANIKOU 1"|Privé|4|"En service"|2000-05-24||SIMAR|"SOC EAUX ET ASSAINISSEMENT"|Rivière-Pilote|97220|725959|1601945|"UTM Nord fuseau 20"|39|14.4808859|-60.9035869|800|48|0|116|63|"Boue activée faible charge"|"Epaississement statique gravitaire"|"Arrêté du 21 juillet 2015 relatif à l'assainissement des agglomérations"||"Traitement approprié"|2005-12-31|2030-08-01|||||||Non|"Traitement secondaire"||||Non|"Non valide"|Non|Non|||Non|"Non transmission complète ou incomplète de l'autosurveillance (STEU)"|0|0|0|Non|0|0|0|0|0|0|0|0|1|0|0|2025-11-19|"REJET PRINCIPAL DE RIVIERE-PILOTE"|"Eau douce de surface"|"MARTINIQUE               "|726040|1601921|14.4806624|-60.9028378|Non|"Hors Zone Sensible"|"FR_HZS_00000  "|Non||Non||S080000397220|"Systeme de collecte - RIVIERE-PILOTE"|FRJR108|"Grande Rivière Pilote"|"97220 : Rivière-Pilote | 97220 : Rivière-Pilote | 97220 : Rivière-Pilote"|0|0|0.00||N/A||N/A||N/A||||0.1700|0.0000|0.0000|0.0000|0.0000|0.0000|0.0000|0.0000|0.0000|0.0000|0.0000|0.0000|0.0000|0.0000|"Communauté d'Agglomération de l'Espace Sud de Martinique"|" Lotissement Frangipanier "|97228|SAINTE-LUCE||"SOCIETE MARTINIQUAISE DES EAUX"|"BAT F1 VILLAGE DE R.ROCHE 49 LOT ZAC DE RIVIERE ROCHE "|97200|"FORT DE FRANCE"||Non|||N/A|N/A|N/A|"1305:Matières en suspension:Non"|0|0|Non|Non|N/A|Non||N/A||N/A||N/A|||
MARTINIQUE|4|MARTINIQUE|972|"DEAL de Martinique"|"SPE de la Martinique"|080000197220|RIVIERE-PILOTE-MANIKOU|Rivière-Pilote|97220|"En activité"|2006|1|3|3|316|"[ 200 ; 2 000 [ EH"|316|2250|Non|Non|N/A|Non|2025-12-02|Mixte|"Absence de rejets directs temps sec"|0||080000497220|"RIVIERE-PILOTE - MANIKOU 2"|Privé|4|"En service"|2000-05-24||SIMAR|"SOC EAUX ET ASSAINISSEMENT"|Rivière-Pilote|97220|725689|1601819|"UTM Nord fuseau 20"|39|14.4797698|-60.9061014|800|48|0|0|0|"Boue activée faible charge"|"Epaississement statique gravitaire"|"Arrêté du 21 juillet 2015 relatif à l'assainissement des agglomérations"||"Traitement approprié"|2005-12-31|2024-01-01|||||||Non|"Traitement approprié"||||Non|"Non valide"|Non|Non|||Non|"Non transmission complète ou incomplète de l'autosurveillance (STEU)"|0|0|0|Non|0|0|0|0|0|0|0|0|0|0|0|2025-11-19|"REJET PRINCIPAL DE Manikou 2"|"Eau douce de surface"|"MARTINIQUE               "|725677|1601814|14.4797256|-60.9062131|Non|"Hors Zone Sensible"|"FR_HZS_00000  "|Non||Non||S080000497220|"Systeme de collecte - Manikou 2"|FRJR108|"Grande Rivière Pilote"|"97220 : Rivière-Pilote | 97220 : Rivière-Pilote | 97220 : Rivière-Pilote"|0|0|0.00||N/A||N/A||N/A||||0.0000|0.0000|0.0000|0.0000|0.0000|0.0000|0.0000|0.0000|0.0000|0.0000|0.0000|0.0000|0.0000|0.0000|SIMAR|"Petit Paradis BP 7214 "|97274|SCHOELCHER||"SOC EAUX ET ASSAINISSEMENT"|"BAT F1 VILLAGE DE R.ROCHE 49 LOT ZAC DE RIVIERE ROCHE "|97200|"FORT DE FRANCE"||Non|||N/A|N/A|N/A|"1305:Matières en suspension:Non"|0|0|Non|Non|N/A|Non||N/A||N/A||N/A|||
MARTINIQUE|4|MARTINIQUE|972|"DEAL de Martinique"|"SPE de la Martinique"|080000597220|"Rivière-Pilote - RESIDENCE PREFONTAINE"|Rivière-Pilote|97220|"En activité"|2023|1|1|1|0|"[ 200 ; 2 000 [ EH"|0|200|Non|Inc|N/A|Non|2025-11-19|Unitaire|"Absence de rejets directs temps sec"|0||080000697220|"RIVIERE-PILOTE - RESIDENCE PREFONTAINE"|Privé|4|"En service"|2023-01-01||"SOCIETE OZANAM S.A HABIT LOYER MODERE"|"SOC EAUX ET ASSAINISSEMENT"|Rivière-Pilote|97220|725355|1605583|"UTM Nord fuseau 20"|39|14.5138072|-60.9088797|200|12|0|0|0|||"Arrêté du 21 juillet 2015 relatif à l'assainissement des agglomérations"||"Traitement approprié"|2005-12-31||||||||Non|||||Non|"Non valide"|Inc|Inc|||Inc||0|0|0|Non|0|0|0|0|0|0|0|0|0|0|0|2025-11-19|"REJET PRINCIPAL DE Rivière-Pilote"|"Eau douce de surface"|MARTINIQUE|||||Non|"Hors Zone Sensible"|"FR_HZS_00000  "|Non||Non||S080000697220|"Systeme de collecte - Rivière-Pilote"|||"97220 : Rivière-Pilote"|0|0|0.00||N/A||N/A||N/A||||0.0000|0.0000|0.0000|0.0000|0.0000|0.0000|0.0000|0.0000|0.0000|0.0000|0.0000|0.0000|0.0000|0.0000|||||||"BAT F1 VILLAGE DE R.ROCHE 49 LOT ZAC DE RIVIERE ROCHE "|97200|"FORT DE FRANCE"||Inc|||N/A|N/A|N/A|"1301:Température de l'Eau:Inc | 1302:Potentiel en Hydrogène (pH):Inc | 1305:Matières en suspension:Inc"|0|0|Non|Inc|N/A|Non||N/A||N/A||N/A|||
MARTINIQUE|4|MARTINIQUE|972|"DEAL de Martinique"|"SPE de la Martinique"|080000597221|"Rivière-Salée - BOIS TI-BAUME"|Rivière-Salée|97221|"En activité"|2010|1|1|1|0|"Taille < 200 EH"|0|58|Non|Oui|N/A|Non|2025-11-19|Unitaire|"Absence de rejets directs temps sec"|0||080001697221|"RIVIERE-SALEE - BOIS TI-BAUME"|Privé|4|"En service"|2010-01-28|||"SOC EAUX ET ASSAINISSEMENT"|Rivière-Salée|97221|719943|1605360|"UTM Nord fuseau 20"|39|14.5122343|-60.9590944|58|3|0|0|0|"Boue activée forte charge"||||"Traitement approprié"|0000-00-00|2023-12-31|||||||Non|"Traitement approprié"||||Non|"Non valide"|Inc|Inc|||Oui|" "|0|0|0|Non|0|0|0|0|0|0|0|0|0|0|0|2025-11-19|"REJET PRINCIPAL DE RIVIERE-SALEE - BOIS TI-BAUME"|"Eau douce de surface"|"MARTINIQUE               "|||||Non|"Hors Zone Sensible"|"FR_HZS_00000  "|Non||Non||S080001697221|"Systeme de collecte - RIVIERE-SALEE - BOIS TI-BAUME"|||"97221 : Rivière-Salée"|0|0|0.00||N/A||N/A||N/A||||0.0000|0.0000|0.0000|0.0000|0.0000|0.0000|0.0000|0.0000|0.0000|0.0000|0.0000|0.0000|0.0000|0.0000|||||||"BAT F1 VILLAGE DE R.ROCHE 49 LOT ZAC DE RIVIERE ROCHE "|97200|"FORT DE FRANCE"||Inc|||N/A|N/A|N/A|"1305:Matières en suspension:Inc"|0|0|Non|Oui|N/A|Non||N/A||N/A||N/A|||
MARTINIQUE|4|MARTINIQUE|972|"DEAL de Martinique"|"SPE de la Martinique"|080000497221|RIVIERE-SALEE-DESMARINIÈRE|Rivière-Salée|97221|"En activité"|2015|1|1|1|0|"Taille < 200 EH"|0|100|Oui|Oui|N/A|Oui|2025-11-19|Unitaire|"Absence de rejets directs temps sec"|0||080000497221|"RIVIERE-SALEE - RESIDENCE DESMARINIERES"|Privé|4|"En service"|2015-01-01||"SOCIETE OZANAM S.A HABIT LOYER MODERE"|"SOC EAUX ET ASSAINISSEMENT"|Rivière-Salée|97221|721790|1605060|"UTM Nord fuseau 20"|39|14.5093739|-60.9419885|100|6|0|0|0|"Boue activée forte charge"||||"Traitement approprié"|2005-12-31|2015-01-01|||||||Oui|"Traitement approprié"||||Non|"Non valide"|Inc|Inc|||Oui|" "|0|0|0|Non|0|0|0|0|0|0|0|0|0|0|0|2025-11-19|"REJET PRINCIPAL DE RIVIERE-SALEE- 	  Résidence Des"|"Eau douce de surface"|"MARTINIQUE               "|||||Non|"Hors Zone Sensible"|"FR_HZS_00000  "|Non||Non||S080000497221|"Systeme de collecte - RIVIERE-SALEE- 	  Résidence Desmariniè"|||"97221 : Rivière-Salée"|0|0|0.00||N/A||N/A||N/A||||0.0000|0.0000|0.0000|0.0000|0.0000|0.0000|0.0000|0.0000|0.0000|0.0000|0.0000|0.0000|0.0000|0.0000|"SOCIETE OZANAM S.A HABIT LOYER MODERE"|" Route de la Pointe de Jaham "|97233|SCHOELCHER||"SOC EAUX ET ASSAINISSEMENT"|"BAT F1 VILLAGE DE R.ROCHE 49 LOT ZAC DE RIVIERE ROCHE "|97200|"FORT DE FRANCE"||Inc|||N/A|N/A|N/A|"1305:Matières en suspension:Inc"|0|0|Oui|Oui|N/A|Oui||N/A||N/A||N/A|||
MARTINIQUE|4|MARTINIQUE|972|"DEAL de Martinique"|"SPE de la Martinique"|080000697221|RIVIERE-SALEE-LES-DIGUES|Rivière-Salée|97221|"En activité"|2018|1|1|1|0|"[ 200 ; 2 000 [ EH"|0|320|Non|Non|N/A|Non|2025-12-08|Unitaire|"Absence de rejets directs temps sec"|0||080001597221|"RIVIERE-SALEE - RESIDENCE LES DIGUES"|Privé|4|"En service"|2018-01-01||SIMAR|"COTRAM Assainissement"|Rivière-Salée|97221|720620|1610095|"UTM Nord fuseau 20"|39|14.5549641|-60.9524211|320|19|0|0|0|||"Arrêté du 21 juillet 2015 relatif à l'assainissement des agglomérations"|2011-04-28|"Traitement approprié"|2005-12-31|2025-01-01|||||||Non|||||Non|"Non valide"|Non|Non|||Non|"Non transmission complète ou incomplète de l'autosurveillance (STEU)"|0|0|0|Non|0|0|0|0|0|0|0|0|0|0|0|2025-12-08|"REJET PRINCIPAL DE RIVIERE-SALEE-RESIDENCE LES-DIG"|"Eau douce de surface"|MARTINIQUE|||||Non|"Hors Zone Sensible"|"FR_HZS_00000  "|Non||Non||S080001597221|"Systeme de collecte - RIVIERE-SALEE-RESIDENCE LES-DIGUES"|FRJR108|"Grande Rivière Pilote"|"97221 : Rivière-Salée"|0|0|0.00||N/A||N/A||N/A||||0.0000|0.0000|0.0000|0.0000|0.0000|0.0000|0.0000|0.0000|0.0000|0.0000|0.0000|0.0000|0.0000|0.0000|SIMAR|"Petit Paradis BP 7214 "|97274|SCHOELCHER||CAIALI|"  PELLETIER"|97232|LAMENTIN||Non|||N/A|N/A|N/A|"1305:Matières en suspension:Non"|0|0|Non|Non|N/A|Non||N/A||N/A||N/A|||
MARTINIQUE|4|MARTINIQUE|972|"DEAL de Martinique"|"SPE de la Martinique"|080000897221|"Rivière-Salée - MANIOC"|Rivière-Salée|97221|"En activité"|2023|1|1|1|0|"Taille < 200 EH"|0|50|Oui|Oui|N/A|Oui|2025-11-19|Unitaire|"Absence de rejets directs temps sec"|0||080001497221|"RIVIERE-SALEE - MANIOC"|Privé|4|"En service"|2023-01-01||SIMAR|"COTRAM Assainissement"|Rivière-Salée|97221|717196|1605040|"UTM Nord fuseau 20"|39|14.5095631|-60.9845993|50|3|0|0|0|||"Arrêté du 21 juillet 2015 relatif à l'assainissement des agglomérations"||"Traitement approprié"|2005-12-31||||||||Oui|||||Non|"Non valide"|Inc|Inc|||Oui||0|0|0|Non|0|0|0|0|0|0|0|0|0|0|0|2025-11-19|"REJET PRINCIPAL DE Rivière-Salée - MANIOC"|"Eau douce de surface"|MARTINIQUE|||||Non|"Hors Zone Sensible"|"FR_HZS_00000  "|Non||Non||S080001497221|"Systeme de collecte - Rivière-Salée - MANIOC"|||"97221 : Rivière-Salée"|0|0|0.00||N/A||N/A||N/A||||0.0000|0.0000|0.0000|0.0000|0.0000|0.0000|0.0000|0.0000|0.0000|0.0000|0.0000|0.0000|0.0000|0.0000|||||||"  PELLETIER"|97232|LAMENTIN||Inc|||N/A|N/A|N/A|"1301:Température de l'Eau:Inc | 1302:Potentiel en Hydrogène (pH):Inc | 1305:Matières en suspension:Inc"|0|0|Oui|Oui|N/A|Oui||N/A||N/A||N/A|||
MARTINIQUE|4|MARTINIQUE|972|"DEAL de Martinique"|"SPE de la Martinique"|080000397226|"Sainte-Anne - MAHOGANY"|Sainte-Anne|97226|"En activité"|2023|1|1|1|123|"[ 200 ; 2 000 [ EH"|123|250|Oui|Oui|N/A|Oui|2025-11-19|Unitaire|"Absence de rejets directs temps sec"|0||080000397226|"SAINTE ANNE - MAHOGANY"|Privé|4|"En service"|2000-01-01||"Monsieur SAMY KIJNER - ASL Mahogany"|"SOCIETE MARTINIQUAISE DES EAUX"|Sainte-Anne|97226|733017|1598116|"UTM Nord fuseau 20"|39|14.4456974|-60.8384713|250|15|0|123|20|"Boue activée faible charge"|"Epaississement statique gravitaire"|||"Traitement approprié"|2005-12-31|2000-01-01|||||||Oui|"Traitement approprié"||||Non|"Non valide"|Oui|Oui|||Oui|" "|0|0|0|Non|0|0|0|0|0|0|0|0|0|0|0|2025-11-19|"REJET PRINCIPAL DE SAINTE-ANNE-Mahogany"|"Eau douce de surface"|"MARTINIQUE               "|||||Non|"Hors Zone Sensible"|"FR_HZS_00000  "|Non||Non||S080000397226|"Systeme de collecte - SAINTE-ANNE-Mahogany"|FRJC006|"Littoral du Vauclin a Sainte-Anne"|"97226 : Sainte-Anne"|0|0|0.00||N/A||N/A||N/A||||0.0500|0.0000|0.0000|0.0000|0.0000|0.0000|0.0000|0.0000|0.0000|0.0000|0.0000|0.0000|0.0000|0.0000|||||||"   PLACE D ARMES BP 213"|97232|LAMENTIN||Oui|||N/A|N/A|N/A|"1305:Matières en suspension:Oui"|0|0|Oui|Oui|N/A|Oui||N/A||N/A||N/A|||
MARTINIQUE|4|MARTINIQUE|972|"DEAL de Martinique"|"SPE de la Martinique"|080000297226|"Sainte-Anne - RESIDENCE SOLEIL LEVANT"|Sainte-Anne|97226|"En activité"|2000|1|1|1|0|"Taille < 200 EH"|0|110|Oui|Oui|N/A|Oui|2025-11-19|Unitaire|"Absence de rejets directs temps sec"|0||080000697226|"SAINTE-ANNE - RESIDENCE SOLEIL LEVANT"|Privé|4|"En service"|2000-01-21|||"SOC EAUX ET ASSAINISSEMENT"|Sainte-Anne|97226|733281|1598280|"UTM Nord fuseau 20"|39|14.4471567|-60.8360092|110|7|0|0|0|"Boue activée moyenne charge"|"Epaississement statique gravitaire"|||"Traitement approprié"|2005-12-31|2000-01-21|||||||Oui|"Traitement approprié"||||Non|"Non valide"|N/A|N/A|||Oui|" "|0|0|0|Non|0|0|0|0|0|0|0|0|0|0|0|2025-11-19|"REJET PRINCIPAL DE SAINTE-ANNE-Résidence Soleil Le"|"Eau douce de surface"|"MARTINIQUE               "|||||Non|"Hors Zone Sensible"|"FR_HZS_00000  "|Non||Non||S080000697226|"Systeme de collecte - SAINTE-ANNE-Résidence Soleil Levant"|||"97226 : Sainte-Anne"|0|0|0.00||N/A||N/A||N/A||||0.0000|0.0000|0.0000|0.0000|0.0000|0.0000|0.0000|0.0000|0.0000|0.0000|0.0000|0.0000|0.0000|0.0000|||||||"BAT F1 VILLAGE DE R.ROCHE 49 LOT ZAC DE RIVIERE ROCHE "|97200|"FORT DE FRANCE"||Inc|||N/A|N/A|N/A|"1301:Température de l'Eau:Inc | 1302:Potentiel en Hydrogène (pH):Inc | 1305:Matières en suspension:Inc"|0|0|Oui|Oui|N/A|Oui||N/A||N/A||N/A|||
MARTINIQUE|4|MARTINIQUE|972|"DEAL de Martinique"|"SPE de la Martinique"|080000597227|SAINTE-LUCE-RAMA|Sainte-Luce|97227|"En activité"|2000|1|1|1|0|"[ 200 ; 2 000 [ EH"|0|350|Non|Non|N/A|Non|2025-11-19|Unitaire|"Absence de rejets directs temps sec"|0||080000697227|"SAINTE-LUCE - COLLEGE RAMA"|Privé|4|"En service"|2000-01-01||"FEDERAT EGLISE ADVENT 7E JOUR MARTINIQUE"|"SOC EAUX ET ASSAINISSEMENT"|Sainte-Luce|97227|720336|1603170|"UTM Nord fuseau 20"|39|14.4924141|-60.9556308|350|21|0|0|0|"Boue activée forte charge"|"Lits de séchage"|"Arrêté du 22 juin 2007 relatif à l'assainissement des agglomérations"||"Traitement approprié"|2005-12-31|2025-01-01|||||||Non|"Traitement secondaire"||||Non|"Non valide"|Non|Non|||Non|"Non transmission complète ou incomplète de l'autosurveillance (STEU)"|0|0|0|Non|0|0|0|0|0|0|0|0|0|0|0|2025-11-19|"REJET PRINCIPAL DE SAINTE-LUCE-Collège RAMA"|"Eau douce de surface"|"MARTINIQUE               "|||||Non|"Hors Zone Sensible"|"FR_HZS_00000  "|Non||Non||S080000697227|"Systeme de collecte - SAINTE-LUCE-Collège RAMA"|FRJR109|Oman|"97227 : Sainte-Luce"|0|0|0.00||N/A||N/A||N/A||||0.0000|0.0000|0.0000|0.0000|0.0000|0.0000|0.0000|0.0000|0.0000|0.0000|0.0000|0.0000|0.0000|0.0000|"FEDERAT EGLISE ADVENT 7E JOUR MARTINIQUE"|"BP 50 BOIS CARRE MANGOT VULCIN "|97232|"LE LAMENTIN"||"SOC EAUX ET ASSAINISSEMENT"|"BAT F1 VILLAGE DE R.ROCHE 49 LOT ZAC DE RIVIERE ROCHE "|97200|"FORT DE FRANCE"||Non|||N/A|N/A|N/A|"1305:Matières en suspension:Non"|0|0|Non|Non|N/A|Non||N/A||N/A||N/A|||
MARTINIQUE|4|MARTINIQUE|972|"DEAL de Martinique"|"SPE de la Martinique"|080000997228|"Sainte-Marie CITE SCOLAIRE LAGROSILLIERE"|Sainte-Marie|97228|"En activité"|2023|1|1|1|0|"[ 200 ; 2 000 [ EH"|0|400|Non|Inc|N/A|Non|2025-11-19|Unitaire|"Absence de rejets directs temps sec"|0||080000597228|"SAINTE-MARIE - CITE SCOLAIRE LAGROSSILLIERE"|Privé|4|"En service"|2023-01-01||"COLLECTIVITE TERRITORIALE DE MARTINIQUE"||Sainte-Marie|97228|714280|1637859|"UTM Nord fuseau 20"|39|14.8063468|-61.0089678|400|24|0|0|0|||"Arrêté du 21 juillet 2015 relatif à l'assainissement des agglomérations"|||||||||||Non|||||Non|"Non valide"|Inc|Inc|||Inc||0|0|0|Non|0|0|0|0|0|0|0|0|0|0|0|2025-11-19|"REJET PRINCIPAL DE Sainte-Marie - Cite scolaire la"|"Eau douce de surface"|MARTINIQUE|||||Non|"Hors Zone Sensible"|"FR_HZS_00000  "|Non||Non||S080000597228|"Systeme de collecte - Sainte-Marie - Cite scolaire lagrossil"|||"97228 : Sainte-Marie"|0|0|0.00||N/A||N/A||N/A||||0.0000|0.0000|0.0000|0.0000|0.0000|0.0000|0.0000|0.0000|0.0000|0.0000|0.0000|0.0000|0.0000|0.0000|||||||||||Inc|||N/A|N/A|N/A||0|0|Non|Inc|N/A|Non||N/A||N/A||N/A|||
MARTINIQUE|4|MARTINIQUE|972|"DEAL de Martinique"|"SPE de la Martinique"|080000697228|"SAINTE-MARIE-CUISINE SCOLAIRE"|Sainte-Marie|97228|"En activité"|2000|1|1|1|0|"[ 200 ; 2 000 [ EH"|0|500|Non|Non|N/A|Non|2025-11-19|Unitaire|"Absence de rejets directs temps sec"|0||080000797228|"SAINTE-MARIE - CUISINE SCOLAIRE"|Privé|4|"En service"|2000-01-01||"DATEX MARTINIQUE"||Sainte-Marie|97228|714494|1637690|"UTM Nord fuseau 20"|39|14.8048025|-61.0069942|500|30|0|0|0|"Boue activée faible charge"|"Lits de séchage"|"Arrêté du 21 juillet 2015 relatif à l'assainissement des agglomérations"||"Traitement approprié"|2005-12-31|2025-01-01|||||||Non|"Traitement secondaire"||||Non|"Non valide"|Non|Non|||Non|"Non transmission complète ou incomplète de l'autosurveillance (STEU)"|0|0|0|Non|0|0|0|0|0|0|0|0|0|0|0|2025-11-19|"REJET PRINCIPAL DE SAINTE-MARIE-Cuisine scolaire"|"Eau douce de surface"|"MARTINIQUE               "|||||Non|"Hors Zone Sensible"|"FR_HZS_00000  "|Non||Non||S080000797228|"Systeme de collecte - SAINTE-MARIE-Cuisine scolaire"|||"97228 : Sainte-Marie"|0|0|0.00||N/A||N/A||N/A||||0.0000|0.0000|0.0000|0.0000|0.0000|0.0000|0.0000|0.0000|0.0000|0.0000|0.0000|0.0000|0.0000|0.0000|||||||||||Non|||N/A|N/A|N/A|"1305:Matières en suspension:Non"|0|0|Non|Non|N/A|Non||N/A||N/A||N/A|||
MARTINIQUE|4|MARTINIQUE|972|"DEAL de Martinique"|"SPE de la Martinique"|080001097228|"Sainte-Marie FLUTE DES MORNES - CANARI"|Sainte-Marie|97228|"En activité"|2023|1|1|1|0|"[ 200 ; 2 000 [ EH"|0|210|Non|Non|N/A|Non|2025-11-19|Unitaire|"Absence de rejets directs temps sec"|0||080000997228|"SAINTE-MARIE - FLUTE DES MORNES CANARI"|Privé|4|"En service"|2023-12-01||SIMAR|"COTRAM Assainissement"|Sainte-Marie|97228|713353|1630522|"UTM Nord fuseau 20"|39|14.7401241|-61.0181789|210|13|0|0|0|||"Arrêté du 21 juillet 2015 relatif à l'assainissement des agglomérations"||"Traitement approprié"|2005-12-31|2025-01-01|||||||Non|||||Non|"Non valide"|Non|Non|||Non|"Non transmission complète ou incomplète de l'autosurveillance (STEU)"|0|0|0|Non|0|0|0|0|0|0|0|0|0|0|0|2025-11-19|"REJET PRINCIPAL DE Sainte-Marie - Flute des Mornes"|"Eau douce de surface"|MARTINIQUE|||||Non|"Hors Zone Sensible"|"FR_HZS_00000  "|Non||Non||S080000997228|"Systeme de collecte - Sainte-Marie - Flute des Mornes Canari"|||"97228 : Sainte-Marie"|0|0|0.00||N/A||N/A||N/A||||0.0000|0.0000|0.0000|0.0000|0.0000|0.0000|0.0000|0.0000|0.0000|0.0000|0.0000|0.0000|0.0000|0.0000|||||||"  PELLETIER"|97232|LAMENTIN|||||N/A|N/A|N/A|"1305:Matières en suspension:Non"|0|0|Non|Non|N/A|Non||N/A||N/A||N/A|||
MARTINIQUE|4|MARTINIQUE|972|"DEAL de Martinique"|"SPE de la Martinique"|080000797228|SAINTE-MARIE-ROSE-DES-VENTS|Sainte-Marie|97228|"En activité"|2015|1|1|1|0|"[ 200 ; 2 000 [ EH"|0|350|Non|Non|N/A|Non|2025-11-19|Unitaire|"Absence de rejets directs temps sec"|0||080000897228|"SAINTE-MARIE - ROSE DES VENTS"|Privé|4|"En service"|2015-01-01||"Association Syndicale Libre la Rose des Vents"|"SOC EAUX ET ASSAINISSEMENT"|Sainte-Marie|97228|716745|1632770|"UTM Nord fuseau 20"|39|14.7601646|-60.9864978|350|21|0|0|0|"Boue activée faible charge"||"Arrêté du 22 juin 2007 relatif à l'assainissement des agglomérations"||"Traitement approprié"|2005-12-31|2024-01-01|||||||Non|"Traitement secondaire"||||Non|"Non valide"|Non|Non|||Non|"Non transmission complète ou incomplète de l'autosurveillance (STEU)"|0|0|0|Non|0|0|0|0|0|0|0|0|0|0|0|2025-11-19|"REJET PRINCIPAL DE SAINTE-MARIE-Rose des Vents"|"Eau douce de surface"|"MARTINIQUE               "|||||Non|"Hors Zone Sensible"|"FR_HZS_00000  "|Non||Non||S080000897228|"Systeme de collecte - SAINTE-MARIE-Rose des Vents"|||"97228 : Sainte-Marie"|0|0|0.00||N/A||N/A||N/A||||0.0000|0.0000|0.0000|0.0000|0.0000|0.0000|0.0000|0.0000|0.0000|0.0000|0.0000|0.0000|0.0000|0.0000|||||||"BAT F1 VILLAGE DE R.ROCHE 49 LOT ZAC DE RIVIERE ROCHE "|97200|"FORT DE FRANCE"||Non|||N/A|N/A|N/A|"1305:Matières en suspension:Non"|0|0|Non|Non|N/A|Non||N/A||N/A||N/A|||
MARTINIQUE|4|MARTINIQUE|972|"DEAL de Martinique"|"SPE de la Martinique"|080000597228|"SAINTE-MARIE-SAINT PAUL"|Sainte-Marie|97228|"En activité"|2015|1|1|1|0|"Taille < 200 EH"|0|54|Non|Oui|N/A|Non|2025-11-19|Unitaire|"Absence de rejets directs temps sec"|0||080001097228|"SAINTE-MARIE - SAINT PAUL"|Privé|4|"En service"|2015-01-21||"LA MARTINIQ HLM SA HABIT LOYER MODERE"|"SOC EAUX ET ASSAINISSEMENT"|Sainte-Marie|97228|714043|1631349|"UTM Nord fuseau 20"|39|14.7475419|-61.0117044|54|3|0|0|0|Biofiltre||||"Traitement approprié"|0000-00-00|2023-12-31|||||||Non|"Traitement approprié"||||Non|"Non valide"|Inc|Inc|||Oui|" "|0|0|0|Non|0|0|0|0|0|0|0|0|0|0|0|2025-11-19|"REJET PRINCIPAL DE SAINTE-MARIE-St Paul"|"Eau douce de surface"|"MARTINIQUE               "|714043|1631349|14.7475419|-61.0117044|Non|"Hors Zone Sensible"|"FR_HZS_00000  "|Non||Non||S080001097228|"Systeme de collecte - SAINTE-MARIE-St Paul"|FRJR105|Sainte-Marie|"97228 : Sainte-Marie"|0|0|0.00||N/A||N/A||N/A||||0.0000|0.0000|0.0000|0.0000|0.0000|0.0000|0.0000|0.0000|0.0000|0.0000|0.0000|0.0000|0.0000|0.0000|"LA MARTINIQ HLM SA HABIT LOYER MODERE"|"VOIE N 13 QUA JAMBETTE 13  LA MEYNARD JAMBETTE"|97200|"FORT DE FRANCE"||"SOC EAUX ET ASSAINISSEMENT"|"BAT F1 VILLAGE DE R.ROCHE 49 LOT ZAC DE RIVIERE ROCHE "|97200|"FORT DE FRANCE"||Inc|||N/A|N/A|N/A|"1305:Matières en suspension:Inc"|0|0|Non|Oui|N/A|Non||N/A||N/A||N/A|||
MARTINIQUE|4|MARTINIQUE|972|"DEAL de Martinique"|"SPE de la Martinique"|080000497223|"Saint-Esprit - RESIDENCE LES COULISSES"|Saint-Esprit|97223|"En activité"|2015|1|1|1|0|"[ 200 ; 2 000 [ EH"|0|225|Non|Non|N/A|Non|2025-11-19|Unitaire|"Absence de rejets directs temps sec"|0||080000897223|"SAINT-ESPRIT - RESIDENCE LES COULISSES"|Privé|4|"En service"|2012-01-01||SIMAR|"SOC EAUX ET ASSAINISSEMENT"|Saint-Esprit|97223|725351|1610920|"UTM Nord fuseau 20"|39|14.5620302|-60.908463|225|14|0|0|25|"Boue activée faible charge"|"Filtres plantés (autres)"|"Arrêté du 22 juin 2007 relatif à l'assainissement des agglomérations"||"Traitement approprié"|2005-12-31|2025-01-01|||||||Non|"Traitement secondaire"||||Non|"Non valide"|Non|Non|||Non||0|0|0|Non|0|0|0|0|0|0|0|0|0|0|0|2025-11-19|"REJET PRINCIPAL DE SAINT-ESPRIT-Grand-Bassin"|"Eau douce de surface"|"MARTINIQUE               "|||||Non|"Hors Zone Sensible"|"FR_HZS_00000  "|Non||Non||S080000897223|"Systeme de collecte - SAINT-ESPRIT-Grand-Bassin"|||"97223 : Saint-Esprit"|0|0|0.00||N/A||N/A||N/A||||0.0000|0.0000|0.0000|0.0000|0.0000|0.0000|0.0000|0.0000|0.0000|0.0000|0.0000|0.0000|0.0000|0.0000|SIMAR|"Petit Paradis BP 7214 "|97274|SCHOELCHER||"SOC EAUX ET ASSAINISSEMENT"|"BAT F1 VILLAGE DE R.ROCHE 49 LOT ZAC DE RIVIERE ROCHE "|97200|"FORT DE FRANCE"|||||N/A|N/A|N/A|"1305:Matières en suspension:Non"|0|0|Non|Non|N/A|Non||N/A||N/A||N/A|||
MARTINIQUE|4|MARTINIQUE|972|"DEAL de Martinique"|"SPE de la Martinique"|080000897223|"Saint-Esprit - ZAC AVENIR"|Saint-Esprit|97223|"En activité"|2023|1|1|1|0|"[ 200 ; 2 000 [ EH"|0|1800|Non|Non|N/A|Non|2025-11-19|Séparatif|"Absence de rejets directs temps sec"|0||080000497223|"SAINT-ESPRIT - ZAC AVENIR"|Privé|4|"En service"|2009-01-01||"MSMG SYNDIC"|"SO.TR.A.G. SOCIETE DE TRAVAUX ANTILLES"|Saint-Esprit|97223|722163|1610463|"UTM Nord fuseau 20"|39|14.5581635|-60.9380762|1800|108|0|0|0|"Boue activée faible charge"|"Filtration à plateaux"|"Arrêté du 21 juillet 2015 relatif à l'assainissement des agglomérations"|2013-12-30||||||||||Non|"Traitement secondaire"||||Non|"Non valide"|Non|Non|||Non|"Autosurveillance jugée incorrecte par AE /ODE (STEU)"|0|0|0|Non|0|0|0|0|0|0|0|0|0|0|0|2025-11-19|"Rejet ZAC Avenir"|"Rejet diffus"||722174|1610520|14.5586776|-60.9379694|Non|"Hors Zone Sensible"|"FR_HZS_00000  "|Non||Non||S080000497223|"SC du STEU : ZAC Avenir"|FRJR110|Salée|"97223 : Saint-Esprit"|0|0|0.00||N/A||N/A||N/A||||0.0000|0.0000|0.0000|0.0000|0.0000|0.0000|0.0000|0.0000|0.0000|0.0000|0.0000|0.0000|0.0000|0.0000|"MSMG SYNDIC"|"CENTRE DIDIER PLAZZA 2  RUE DU PROFESSEUR RAYMOND GARCIN "|97200|"FORT DE FRANCE"||"SO.TR.A.G. SOCIETE DE TRAVAUX ANTILLES"|" 30 BD DE VERDUN "|97200|"FORT DE FRANCE"||Non|||N/A|N/A|N/A|"1305:Matières en suspension:Non | 1319:Azote Kjeldahl:N/A"|0|0|Non|Non|N/A|Non||N/A||N/A||N/A|||
MARTINIQUE|4|MARTINIQUE|972|"DEAL de Martinique"|"SPE de la Martinique"|080001097223|"Saint-Esprit- ZAC AVENIR LES FEUILLAGES"|Saint-Esprit|97223|"En activité"|2023|1|1|1|0|"[ 200 ; 2 000 [ EH"|0|350|Non|Non|N/A|Non|2025-11-19|Unitaire|"Absence de rejets directs temps sec"|0||080001197223|"SAINT-ESPRIT - ZAC AVENIR LES FEUILLAGES"|Privé|4|"En service"|2023-01-01||"LA MARTINIQ HLM SA HABIT LOYER MODERE"|"SOC EAUX ET ASSAINISSEMENT"|Saint-Esprit|97223|723143|1610317|"UTM Nord fuseau 20"|39|14.556764|-60.9289972|350|21|0|0|38|||"Arrêté du 21 juillet 2015 relatif à l'assainissement des agglomérations"||"Traitement approprié"|2005-12-31|2025-01-01|||||||Non|||||Non|"Non valide"|Non|Non|||Non|"Non transmission complète ou incomplète de l'autosurveillance (STEU)"|1.51|0|0|Non|0|0|0|0|0|0|0|0|0|0|0|2025-11-19|"REJET PRINCIPAL DE Saint-Esprit - ZAC AVENIR LES F"|"Eau douce de surface"|MARTINIQUE|723248|1610221|14.5558879|-60.9280313|Non|"Hors Zone Sensible"|"FR_HZS_00000  "|Non||Non||S080001197223|"Systeme de collecte - Saint-Esprit - ZAC AVENIR LES FEUILLAG"|||"97223 : Saint-Esprit"|0|0|0.00||N/A||N/A||N/A||||0.1000|0.0000|0.0000|0.0000|0.0000|0.0000|0.0000|0.0000|0.0000|0.0000|0.0000|0.0000|0.0000|0.0000|||||||"BAT F1 VILLAGE DE R.ROCHE 49 LOT ZAC DE RIVIERE ROCHE "|97200|"FORT DE FRANCE"|||||N/A|N/A|N/A|"1305:Matières en suspension:Non"|0|0|Non|Non|N/A|Non||N/A||N/A||N/A|||
MARTINIQUE|1|MARTINIQUE|972|"DEAL de Martinique"|"SPE de la Martinique"|080001197224|SAINT-JOSEPH-CHOCO-CHOISY|Saint-Joseph|97224|"En activité"|2016|1|1|1|0|"[ 200 ; 2 000 [ EH"|0|500|Non|Non|N/A|Non|2025-11-19|Unitaire|"Absence de rejets directs temps sec"|0||080002497224|"SAINT-JOSEPH - CHOCO CHOISY"|Urbain|1|"En service"|2016-06-12||"COMMUNAUTE D AGGLOMERATION DU CENTRE DE LA MARTINIQUE"|ODYSSI|Saint-Joseph|97224|713191|1622671|"UTM Nord fuseau 20"|39|14.6691951|-61.0203226|500|30|0|0|0|"Disques biologiques"||"Arrêté du 21 juillet 2015 relatif à l'assainissement des agglomérations"|2011-07-09|"Traitement approprié"|2005-12-31|2025-01-01|||||||Non|"Traitement secondaire"|||Désinfection|Non|"Non valide"|Non|Non|||Non|"Non transmission complète ou incomplète de l'autosurveillance (STEU)"|0|0|0|Non|0|0|0|0|0|0|0|0|0|0|0|2025-11-19|"REJET PRINCIPAL DE SAINT-JOSEPH"|"Eau douce de surface"|MARTINIQUE|||||Non|"Hors Zone Sensible"|"FR_HZS_00000  "|Non||Non||S080002497224|"Systeme de collecte - SAINT-JOSEPH"|||"97224 : Saint-Joseph"|0|0|0.00||N/A||N/A||N/A||||0.0000|0.0000|0.0000|0.0000|0.0000|0.0000|0.0000|0.0000|0.0000|0.0000|0.0000|0.0000|0.0000|0.0000|ODYSSI|"Lot. Dillon Stade 7-9 rue des Arts et Métiers Bâtiment Flore Gaillard BP162"|97202|FORT-DE-FRANCE||ODYSSI|"Lot. Dillon Stade 7-9 rue des Arts et Métiers Bâtiment Flore Gaillard BP162"|97202|FORT-DE-FRANCE||Non|||N/A|N/A|N/A|"1305:Matières en suspension:Non"|0|0|Non|Non|N/A|Non||N/A||N/A||N/A|||
MARTINIQUE|1|MARTINIQUE|972|"DEAL de Martinique"|"SPE de la Martinique"|080000297224|SAINT-JOSEPH-CHOISY|Saint-Joseph|97224|"En activité"|2014|1|1|1|12|"[ 200 ; 2 000 [ EH"|12|200|Oui|Oui|N/A|Oui|2025-11-19|Unitaire|"Absence de rejets directs temps sec"|0||080000297224|"SAINT-JOSEPH - CHOISY"|Urbain|1|"En service"|2013-01-01||"COMMUNAUTE D AGGLOMERATION DU CENTRE DE LA MARTINIQUE"|ODYSSI|Saint-Joseph|97224|714084|1621914|"UTM Nord fuseau 20"|39|14.6622841|-61.0120956|200|12|0|12|18|"Boue activée forte charge"|"Epaississement statique gravitaire"|"Arrêté du 21 juillet 2015 relatif à l'assainissement des agglomérations"||"Traitement approprié"|2005-12-31|2000-01-01|||||||Oui|"Traitement approprié"||||Non|"Non valide"|Oui|Oui|||Oui|" "|0|0|0|Non|0|0|0|0|0|0|0|0|0|0|0|2025-11-19|"REJET PRINCIPAL DE SAINT-JOSEPH"|"Eau douce de surface"|"MARTINIQUE               "|||||Non|"Hors Zone Sensible"|"FR_HZS_00000  "|Non||Non||S080000297224|"Systeme de collecte - SAINT-JOSEPH"|||"97224 : Saint-Joseph"|0|0|0.00||N/A||N/A||N/A||||0.0500|0.0000|0.0000|0.0000|0.0000|0.0000|0.0000|0.0000|0.0000|0.0000|0.0000|0.0000|0.0000|0.0000|||||||"Lot. Dillon Stade 7-9 rue des Arts et Métiers Bâtiment Flore Gaillard BP162"|97202|FORT-DE-FRANCE||Oui|||N/A|N/A|N/A|"1305:Matières en suspension:Oui"|0|0|Oui|Oui|N/A|Oui||N/A||N/A||N/A|||
MARTINIQUE|1|MARTINIQUE|972|"DEAL de Martinique"|"SPE de la Martinique"|080001297224|"SAINT-JOSEPHGONDEAU MONTROSE"|Saint-Joseph|97224|"En activité"|2000|1|1|1|4|"Taille < 200 EH"|4|150|Oui|Inc|N/A|Non|2025-11-19|Unitaire|"Absence de rejets directs temps sec"|0||080001397224|"SAINT-JOSEPH - GONDEAU MONTROSE"|Urbain|1|"En service"|2000-04-23||ODYSSI|ODYSSI|Saint-Joseph|97224|712045|1620478|"UTM Nord fuseau 20"|39|14.6494693|-61.0311369|150|9|0|4|6|||||"Traitement approprié"|2005-12-31|2000-04-23|||||||Oui|||||Non|"Non valide"|Oui|Oui|||Inc|" "|0|0|0|Non|0|0|0|0|0|0|0|0|0|0|0|2025-11-19|"REJET PRINCIPAL DE SAINT-JOSEPH-Gondeau Montrose"|"Eau douce de surface"|MARTINIQUE|||||Non|"Hors Zone Sensible"|"FR_HZS_00000  "|Non||Non||S080001397224|"Systeme de collecte - SAINT-JOSEPH-Gondeau Montrose"|||"97224 : Saint-Joseph"|0|0|0.00||N/A||N/A||N/A||||0.0200|0.0000|0.0000|0.0000|0.0000|0.0000|0.0000|0.0000|0.0000|0.0000|0.0000|0.0000|0.0000|0.0000|ODYSSI|"Lot. Dillon Stade 7-9 rue des Arts et Métiers Bâtiment Flore Gaillard BP162"|97202|FORT-DE-FRANCE||ODYSSI|"Lot. Dillon Stade 7-9 rue des Arts et Métiers Bâtiment Flore Gaillard BP162"|97202|FORT-DE-FRANCE||Oui|||N/A|N/A|N/A|"1301:Température de l'Eau:Inc | 1302:Potentiel en Hydrogène (pH):Inc | 1305:Matières en suspension:Oui"|0|0|Oui|Inc|N/A|Non||N/A||N/A||N/A|||
MARTINIQUE|1|MARTINIQUE|972|"DEAL de Martinique"|"SPE de la Martinique"|080000397224|"Saint-JosephLES HAMEAUX"|Saint-Joseph|97224|"En activité"|2000|1|1|1|166|"Taille < 200 EH"|166|200|Oui|Inc|N/A|Non|2025-12-15|Unitaire|"Absence de rejets directs temps sec"|0||080000397224|"SAINT-JOSEPH - LES HAMEAUX"|Urbain|1|"En service"|2000-01-01||"COMMUNAUTE D AGGLOMERATION DU CENTRE DE LA MARTINIQUE"|ODYSSI|Saint-Joseph|97224|712950|1623000|"UTM Nord fuseau 20"|39|14.6721871|-61.0225329|200|12|0|166|18|"Boue activée faible charge"|"Epaississement statique gravitaire"|"Arrêté du 21 juillet 2015 relatif à l'assainissement des agglomérations"||"Traitement approprié"|2005-12-31|2000-01-01|||||||Oui|"Traitement approprié"||||Non|"Non valide"|Oui|Oui|||Inc|" "|0|0|0|Non|0|0|0|0|0|0|0|0|0|0|0|2025-12-15|"REJET PRINCIPAL DE SAINT-JOSEPH-Les Hammeaux"|"Eau douce de surface"|"MARTINIQUE               "|712961|1622979|14.6719964|-61.0224325|Non|"Hors Zone Sensible"|"FR_HZS_00000  "|Non||Non||S080000397224|"Systeme de collecte - SAINT-JOSEPH-Les Hammeaux"|FRJR112|"Lézarde Moyenne"|"97224 : Saint-Joseph"|0|0|0.00||N/A||N/A||N/A||||0.0500|0.0000|0.0000|0.0000|0.0000|0.0000|0.0000|0.0000|0.0000|0.0000|0.0000|0.0000|0.0000|0.0000|ODYSSI|"Lot. Dillon Stade 7-9 rue des Arts et Métiers Bâtiment Flore Gaillard BP162"|97202|FORT-DE-FRANCE||ODYSSI|"Lot. Dillon Stade 7-9 rue des Arts et Métiers Bâtiment Flore Gaillard BP162"|97202|FORT-DE-FRANCE||Oui|||N/A|N/A|N/A|"1301:Température de l'Eau:Inc | 1302:Potentiel en Hydrogène (pH):Inc | 1305:Matières en suspension:Oui"|0|0|Oui|Inc|N/A|Non||N/A||N/A||N/A|||
MARTINIQUE|1|MARTINIQUE|972|"DEAL de Martinique"|"SPE de la Martinique"|080000197224|Saint-JosephMARTINIQUE|Saint-Joseph|97224|"En activité"|1972|1|1|1|2163|"[ 2 000 ; 10 000 [ EH"|2163|2500|Non|Oui|Oui|Non|2025-11-21|Séparatif|"Absence de rejets directs temps sec"|0|2021-01-01|080000197224|"SAINT-JOSEPH - ROSIERES"|Urbain|1|"En service"|2007-01-01||"COMMUNAUTE D AGGLOMERATION DU CENTRE DE LA MARTINIQUE"|ODYSSI|Saint-Joseph|97224|711218|1622568|"UTM Nord fuseau 20"|39|14.6684198|-61.0386444|2500|150|372|2163|241|"Boue activée forte charge"|Centrifugation|"Arrêté du 21 juillet 2015 relatif à l'assainissement des agglomérations"||"Traitement secondaire"|2005-12-31|2024-12-31|||||||Non|"Traitement secondaire"||||Non|"Non valide"|Oui|Oui|||Oui|" "|4.91|0|0|Non|0|0|0|0|0|0|2|0|1|0|0|2025-11-21|"Rejet ROSIERES"|"Eau douce de surface"|"mer des caraïbes"|711255|1622514|14.6679289|-61.0383053|Non|"Hors Zone Sensible"|"FR_HZS_00000  "|Non||Non||080000197224|"SC du STEU : ROSIERES"|FRJT003|"Mangrove de la riviere Lezarde"|"97224 : Saint-Joseph"|372|1|0.00||N/A||N/A||N/A|0|||235.7300|0.0000|0.0000|0.0000|0.0000|0.0000|0.0000|0.0000|0.0000|0.0000|0.0000|0.0000|0.0000|0.0000|ODYSSI|"Lot. Dillon Stade 7-9 rue des Arts et Métiers Bâtiment Flore Gaillard BP162"|97202|FORT-DE-FRANCE||ODYSSI|"Lot. Dillon Stade 7-9 rue des Arts et Métiers Bâtiment Flore Gaillard BP162"|97202|FORT-DE-FRANCE|||||N/A|N/A|N/A|"1305:Matières en suspension:Oui"|0|0|Non|Oui|Oui|Non||N/A||N/A||N/A|0||
MARTINIQUE|1|MARTINIQUE|972|"DEAL de Martinique"|"SPE de la Martinique"|080001697224|"Saint-Joseph MORNE BASSET"|Saint-Joseph|97224|"En activité"|2022|1|1|1|37|"Taille < 200 EH"|37|75|Non|Inc|N/A|Non|2025-11-19|Unitaire|"Absence de rejets directs temps sec"|0||080001597224|"SAINT-JOSEPH - MORNE BASSET"|Urbain|1|"En service"|2022-01-01||"COMMUNAUTE D AGGLOMERATION DU CENTRE DE LA MARTINIQUE"|ODYSSI|Saint-Joseph|97224|710154|1621165|"UTM Nord fuseau 20"|39|14.6558251|-61.0486328|75|5|0|37|2|"Boue activée faible charge"||"Arrêté du 21 juillet 2015 relatif à l'assainissement des agglomérations"||"Traitement approprié"|2005-12-31|2023-12-31|||||||Non|||||Non|"Non valide"|Oui|Oui|||Inc|" "|0|0|0|Non|0|0|0|0|0|0|0|0|0|0|0|2025-11-19|"REJET PRINCIPAL DE MORNE BASSET"|"Eau douce de surface"|MARTINIQUE|||||Non|"Hors Zone Sensible"|"FR_HZS_00000  "|Non||Non||080001597224|"Systeme de collecte - MORNE BASSET"|||"97224 : Saint-Joseph"|0|0|0.00||N/A||N/A||N/A||||0.0000|0.0000|0.0000|0.0000|0.0000|0.0000|0.0000|0.0000|0.0000|0.0000|0.0000|0.0000|0.0000|0.0000||||||ODYSSI|"Lot. Dillon Stade 7-9 rue des Arts et Métiers Bâtiment Flore Gaillard BP162"|97202|FORT-DE-FRANCE||Oui|||N/A|N/A|N/A|"1301:Température de l'Eau:Inc | 1302:Potentiel en Hydrogène (pH):Inc | 1305:Matières en suspension:Oui"|0|0|Non|Inc|N/A|Non||N/A||N/A||N/A|||
MARTINIQUE|1|MARTINIQUE|972|"DEAL de Martinique"|"SPE de la Martinique"|080001797224|"Saint-Joseph - MORNE BASSET 2"|Saint-Joseph|97224|"En activité"|2022|1|1|1|0|"Taille < 200 EH"|0|75|Non|Oui|N/A|Non|2025-11-19|Unitaire|"Absence de rejets directs temps sec"|0||080002797224|"SAINT-JOSEPH - MORNE BASSET 2"|Urbain|1|"En service"|2022-01-01||"COMMUNAUTE D AGGLOMERATION DU CENTRE DE LA MARTINIQUE"|ODYSSI|Saint-Joseph|97224|710280|1621662|"UTM Nord fuseau 20"|39|14.6603063|-61.0474236|75|5|0|0|0|||"Arrêté du 21 juillet 2015 relatif à l'assainissement des agglomérations"||"Traitement approprié"|2005-12-31|2023-12-31|||||||Non|"Traitement approprié"||||Non|"Non valide"|Inc|Inc|||Oui|" "|0|0|0|Non|0|0|0|0|0|0|0|0|0|0|0|2025-11-19|"REJET PRINCIPAL DE SAINT-JOSEPH MORNE BASSET 2"|"Eau douce de surface"|MARTINIQUE|||||Non|"Hors Zone Sensible"|"FR_HZS_00000  "|Non||Non||S080002797224|"Systeme de collecte - SAINT-JOSEPH MORNE BASSET 2"|||"97224 : Saint-Joseph"|0|0|0.00||N/A||N/A||N/A||||0.0000|0.0000|0.0000|0.0000|0.0000|0.0000|0.0000|0.0000|0.0000|0.0000|0.0000|0.0000|0.0000|0.0000|||||||"Lot. Dillon Stade 7-9 rue des Arts et Métiers Bâtiment Flore Gaillard BP162"|97202|FORT-DE-FRANCE||Inc|||N/A|N/A|N/A|"1301:Température de l'Eau:Inc | 1302:Potentiel en Hydrogène (pH):Inc | 1305:Matières en suspension:Inc"|0|0|Non|Oui|N/A|Non||N/A||N/A||N/A|||
MARTINIQUE|1|MARTINIQUE|972|"DEAL de Martinique"|"SPE de la Martinique"|080002297224|"Saint-Joseph - PIPIRI"|Saint-Joseph|97224|"En activité"|2024|1|1|1|0|"[ 200 ; 2 000 [ EH"|0|250|Oui|Inc|Inc|Non|2025-11-19|Unitaire|"Absence de rejets directs temps sec"|0||080002597224|"SAINT-JOSEPH - PIPIRI"|Urbain|1|"En service"|2024-01-01||SIMAR||Saint-Joseph|97224|||"UTM Nord fuseau 20"|39|||250|15|0|0|0|||"Arrêté du 21 juillet 2015 relatif à l'assainissement des agglomérations"||"Traitement approprié"|2005-12-31||||||||Oui|||||Non|"Non valide"|Inc|Inc|||Inc||0|0|0|Non|0|0|0|0|0|0|0|0|0|0|0|2025-11-19|"REJET PRINCIPAL DE Saint-Joseph"|"Eau douce de surface"|MARTINIQUE|||||Non|"Hors Zone Sensible"|"FR_HZS_00000  "|Non||Non||S080002597224|"Systeme de collecte - Saint-Joseph"|||"97224 : Saint-Joseph"|0|0|0.00||Inc||Inc||Inc||||0.0000|0.0000|0.0000|0.0000|0.0000|0.0000|0.0000|0.0000|0.0000|0.0000|0.0000|0.0000|0.0000|0.0000|||||||||||Inc|||Inc|Inc|Inc|"1301:Température de l'Eau:Inc | 1302:Potentiel en Hydrogène (pH):Inc | 1305:Matières en suspension:Inc"|||Oui|Inc|Inc|Non||Inc||Inc||Inc|||
MARTINIQUE|1|MARTINIQUE|972|"DEAL de Martinique"|"SPE de la Martinique"|080000697224|SAINT-JOSEPH-PRESQU'ÎLE|Saint-Joseph|97224|"En activité"|2013|1|1|1|613|"Taille < 200 EH"|613|50|Oui|Oui|N/A|Oui|2025-12-15|Unitaire|"Absence de rejets directs temps sec"|0||080000697224|"SAINT-JOSEPH - PRESQU'ILE"|Urbain|1|"En service"|2012-12-31||ODYSSI|ODYSSI|Saint-Joseph|97224|714275|1623827|"UTM Nord fuseau 20"|39|14.6795548|-61.0101666|50|3|0|613|12|"Boue activée moyenne charge"||"Arrêté du 21 juillet 2015 relatif à l'assainissement des agglomérations"||"Traitement approprié"|2005-12-31|2014-01-01|||||||Oui|"Traitement approprié"||||Non|"Non valide"|Oui|Oui|||Oui|" "|0|0|0|Non|0|0|0|0|0|0|0|0|0|0|0|2025-12-15|"REJET PRINCIPAL DE SAINT-JOSEPH"|"Eau douce de surface"|"MARTINIQUE               "|||||Non|"Hors Zone Sensible"|"FR_HZS_00000  "|Non||Non||S080000697224|"Systeme de collecte - SAINT-JOSEPH"|FRJR113|"Lézarde Amont"|"97224 : Saint-Joseph"|0|0|0.00||N/A||N/A||N/A||||0.0300|0.0000|0.0000|0.0000|0.0000|0.0000|0.0000|0.0000|0.0000|0.0000|0.0000|0.0000|0.0000|0.0000|ODYSSI|"Lot. Dillon Stade 7-9 rue des Arts et Métiers Bâtiment Flore Gaillard BP162"|97202|FORT-DE-FRANCE||ODYSSI|"Lot. Dillon Stade 7-9 rue des Arts et Métiers Bâtiment Flore Gaillard BP162"|97202|FORT-DE-FRANCE||Oui|||N/A|N/A|N/A|"1305:Matières en suspension:Oui"|0|0|Oui|Oui|N/A|Oui||N/A||N/A||N/A|||
MARTINIQUE|1|MARTINIQUE|972|"DEAL de Martinique"|"SPE de la Martinique"|080001597224|"Saint-Joseph-RAMEDACE NORD"|Saint-Joseph|97224|"En activité"|2021|1|1|1|93|"[ 200 ; 2 000 [ EH"|93|400|Non|Non|N/A|Non|2025-11-19|Unitaire|"Absence de rejets directs temps sec"|0||080002297224|"SAINT-JOSPEH - RAMEDACE NORD"|Urbain|1|"En service"|2021-01-01||"COMMUNAUTE D AGGLOMERATION DU CENTRE DE LA MARTINIQUE"|ODYSSI|Saint-Joseph|97224|711246|1620467|"UTM Nord fuseau 20"|39|14.6494326|-61.0385535|400|24|0|93|12|||"Arrêté du 21 juillet 2015 relatif à l'assainissement des agglomérations"||"Traitement approprié"|2005-12-31|2025-01-01|||||||Non|"Traitement secondaire"||||Non|"Non valide"|Non|Non|||Non|" "|0|0|0|Non|0|0|0|0|0|0|0|0|0|0|0|2025-11-19|"REJET PRINCIPAL DE RAMEDACE NORD"|"Eau douce de surface"|MARTINIQUE|||||Non|"Hors Zone Sensible"|"FR_HZS_00000  "|Non||Non||S080002297224|"Systeme de collecte - Ramedace Nord"|||"97224 : Saint-Joseph"|0|0|0.00||N/A||N/A||N/A||||0.0300|0.0000|0.0000|0.0000|0.0000|0.0000|0.0000|0.0000|0.0000|0.0000|0.0000|0.0000|0.0000|0.0000|||||||"Lot. Dillon Stade 7-9 rue des Arts et Métiers Bâtiment Flore Gaillard BP162"|97202|FORT-DE-FRANCE||Non|||N/A|N/A|N/A|"1305:Matières en suspension:Non"|0|0|Non|Non|N/A|Non||N/A||N/A||N/A|||
MARTINIQUE|1|MARTINIQUE|972|"DEAL de Martinique"|"SPE de la Martinique"|080002097224|"Saint-Joseph- RAMEDACE SUD"|Saint-Joseph|97224|"En activité"|2023|1|1|1|225|"Taille < 200 EH"|225|150|Oui|Inc|N/A|Non|2025-11-19|Unitaire|"Absence de rejets directs temps sec"|0||080002397224|"SAINT-JOSEPH - RAMEDACE SUD"|Urbain|1|"En service"|2023-01-01||"COMMUNAUTE D AGGLOMERATION DU CENTRE DE LA MARTINIQUE"|ODYSSI|Saint-Joseph|97224|711148|1620359|"UTM Nord fuseau 20"|39|14.6484643|-61.0394717|150|9|0|225|73|||"Arrêté du 21 juillet 2015 relatif à l'assainissement des agglomérations"||"Traitement approprié"|2005-12-31|2024-12-31|||||||Oui|||||Non|"Non valide"|Oui|Oui|||Inc|" "|0|0|0|Non|0|0|0|0|0|0|0|0|0|0|0|2025-11-19|"REJET PRINCIPAL DE Saint-Joseph"|"Eau douce de surface"|MARTINIQUE|||||Non|"Hors Zone Sensible"|"FR_HZS_00000  "|Non||Non||S080002397224|"Systeme de collecte - Saint-Joseph"|||"97224 : Saint-Joseph"|0|0|0.00||N/A||N/A||N/A||||0.2000|0.0000|0.0000|0.0000|0.0000|0.0000|0.0000|0.0000|0.0000|0.0000|0.0000|0.0000|0.0000|0.0000|||||||"Lot. Dillon Stade 7-9 rue des Arts et Métiers Bâtiment Flore Gaillard BP162"|97202|FORT-DE-FRANCE||Oui|||N/A|N/A|N/A|"1301:Température de l'Eau:Inc | 1302:Potentiel en Hydrogène (pH):Inc | 1305:Matières en suspension:Oui"|0|0|Oui|Inc|N/A|Non||N/A||N/A||N/A|||
MARTINIQUE|1|MARTINIQUE|972|"DEAL de Martinique"|"SPE de la Martinique"|080000597224|"SAINT-JOSEPH-RAVINE BANCHE NORD"|Saint-Joseph|97224|"En activité"|2013|1|1|1|127|"[ 200 ; 2 000 [ EH"|127|125|Non|Inc|N/A|Non|2025-12-15|Unitaire|"Absence de rejets directs temps sec"|0||080000597224|"SAINT-JOSEPH - RAVINE BLANCHE NORD"|Urbain|1|"En service"|2012-01-31||"COMMUNAUTE D AGGLOMERATION DU CENTRE DE LA MARTINIQUE"|ODYSSI|Saint-Joseph|97224|713111|1623363|"UTM Nord fuseau 20"|39|14.6754544|-61.021009|125|8|0|127|26|"Boue activée faible charge"|"Epaississement statique gravitaire"|"Arrêté du 21 juillet 2015 relatif à l'assainissement des agglomérations"||"Traitement approprié"|2005-12-31|2024-12-31|||||||Non|"Traitement approprié"||||Non|"Non valide"|Oui|Oui|||Inc|" "|0|0|0|Non|0|0|0|0|0|0|0|0|0|0|0|2025-12-15|"REJET PRINCIPAL DE SAINT-JOSEPH"|"Eau douce de surface"|"MARTINIQUE               "|713118|1623373|14.6755442|-61.0209432|Non|"Hors Zone Sensible"|"FR_HZS_00000  "|Non||Non||S080000597224|"Systeme de collecte - SAINT-JOSEPH"|FRJR114|Blanche|"97224 : Saint-Joseph"|0|0|0.00||N/A||N/A||N/A||||0.0700|0.0000|0.0000|0.0000|0.0000|0.0000|0.0000|0.0000|0.0000|0.0000|0.0000|0.0000|0.0000|0.0000|ODYSSI|"Lot. Dillon Stade 7-9 rue des Arts et Métiers Bâtiment Flore Gaillard BP162"|97202|FORT-DE-FRANCE||ODYSSI|"Lot. Dillon Stade 7-9 rue des Arts et Métiers Bâtiment Flore Gaillard BP162"|97202|FORT-DE-FRANCE||Oui|||N/A|N/A|N/A|"1305:Matières en suspension:Inc"|0|0|Non|Inc|N/A|Non||N/A||N/A||N/A|||
MARTINIQUE|1|MARTINIQUE|972|"DEAL de Martinique"|"SPE de la Martinique"|080000497224|"SAINT-JOSEPH-RAVINE BLANCHE SUD"|Saint-Joseph|97224|"En activité"|2013|1|1|1|118|"[ 200 ; 2 000 [ EH"|118|250|Non|Non|N/A|Non|2025-11-19|Unitaire|"Absence de rejets directs temps sec"|0||080000497224|"SAINT-JOSEPH - RAVINE BLANCHE SUD"|Urbain|1|"En service"|2013-01-01||"COMMUNAUTE D AGGLOMERATION DU CENTRE DE LA MARTINIQUE"|ODYSSI|Saint-Joseph|97224|713265|1623111|"UTM Nord fuseau 20"|39|14.6731651|-61.0196|250|15|0|118|30|"Boue activée forte charge"|"Epaississement statique gravitaire"|"Arrêté du 21 juillet 2015 relatif à l'assainissement des agglomérations"||"Traitement approprié"|2005-12-31|2025-01-01|||||||Non|"Traitement approprié"||||Non|"Non valide"|Non|Non|||Non|" "|0|0|0|Non|0|0|0|0|0|0|0|0|0|0|0|2025-11-19|"REJET PRINCIPAL DE SAINT-JOSEPH-Ravine Blanche Sud"|"Eau douce de surface"|"MARTINIQUE               "|712910|1622952|14.6717565|-61.0229081|Non|"Hors Zone Sensible"|"FR_HZS_00000  "|Non||Non||S080000497224|"Systeme de collecte - SAINT-JOSEPH-Ravine Blanche Sud"|FRJR114|Blanche|"97224 : Saint-Joseph"|0|0|0.00||N/A||N/A||N/A||||0.0800|0.0000|0.0000|0.0000|0.0000|0.0000|0.0000|0.0000|0.0000|0.0000|0.0000|0.0000|0.0000|0.0000|ODYSSI|"Lot. Dillon Stade 7-9 rue des Arts et Métiers Bâtiment Flore Gaillard BP162"|97202|FORT-DE-FRANCE||ODYSSI|"Lot. Dillon Stade 7-9 rue des Arts et Métiers Bâtiment Flore Gaillard BP162"|97202|FORT-DE-FRANCE||Non|||N/A|N/A|N/A|"1305:Matières en suspension:Non"|0|0|Non|Non|N/A|Non||N/A||N/A||N/A|||
MARTINIQUE|1|MARTINIQUE|972|"DEAL de Martinique"|"SPE de la Martinique"|080000197225|"Saint-Pierre - FOND CORRE"|Saint-Pierre|97225|"En activité"|2006|1|1|1|6208|"[ 2 000 ; 10 000 [ EH"|6208|4000|Non|Non|Oui|Non|2025-12-10|Séparatif|"Absence de rejets directs temps sec"|0|2019-12-31|080000197225|"SAINT-PIERRE - FOND CORRE"|Urbain|1|"En service"|2006-01-01||"Communauté d'Agglomération du Pays Nord Martinique"|"SOCIETE MARTINIQUAISE DES EAUX"|Saint-Pierre|97225|695252|1632447|"UTM Nord fuseau 20"|39|14.7588992|-61.1861108|4000|240|570|6208|395|"Boue activée faible charge"|Centrifugation|"Arrêté du 21 juillet 2015 relatif à l'assainissement des agglomérations"|2013-07-22|"Traitement secondaire"|2005-12-31|2024-12-31|||||||Non|"Traitement secondaire"|||Désinfection|Non|"Non valide"|Non|Non|||Non|" "|21.55|0|0|Non|0|0|22|0|0|0|0|0|0|0|0|2025-12-10|"Rejet FOND CORRE"|"Eau côtière"|"Mer des Caraïbes"|695190|1632410|14.7585693|-61.1866893|Non|"Hors Zone Sensible"|"FR_HZS_00000  "|Non||Non||080000197225|"SC du STEU : FOND CORRE"|FRJC004|"Nord-Atlantique, plateau insulaire"|"97225 : Saint-Pierre"|570|1|0.00||N/A||N/A||N/A||||409.2000|0.0000|0.0000|0.0000|0.0000|0.0000|0.0000|0.0000|0.0000|0.0000|0.0000|0.0000|0.0000|0.0000|"Communauté d'Agglomération du Pays Nord Martinique"|" 39 Lotissement la Marie "|97225|MARIGOT||"SMDS MARTINIQ DISTR SERVICES"|"   PLACE D ARMES BP 213"|97232|LAMENTIN|||||N/A|N/A|N/A|"1305:Matières en suspension:Non | 1449:Escherichia coli (E. coli):Non"|0|0|Non|Non|Oui|Non||N/A||N/A||N/A|||
MARTINIQUE|1|MARTINIQUE|972|"DEAL de Martinique"|"SPE de la Martinique"|080000297229|"SchœlcherFOND LAHAYE"|Schœlcher|97229|"En activité"|1993|1|1|1|695|"[ 2 000 ; 10 000 [ EH"|695|4000|Non|Non|Oui|Non|2025-11-21|Séparatif|"Absence de rejets directs temps sec"|0|2021-01-01|080000297229|"SCHOELCHER - FOND LAHAYE"|Urbain|1|"En service"|1993-01-01||"COMMUNAUTE D AGGLOMERATION DU CENTRE DE LA MARTINIQUE"|ODYSSI|Schœlcher|97229|703806|1618630|"UTM Nord fuseau 20"|39|14.6334045|-61.1077499|4000|240|358|695|157|"Boue activée aération prolongée (très faible charge)"|"Filtration à bande"|"Arrêté du 21 juillet 2015 relatif à l'assainissement des agglomérations"||"Traitement secondaire"|2005-12-31|2024-12-31|||||||Non|"Traitement secondaire"||||Non|"Non valide"|Non|Non|Non||Non|"Point de mesure A2 absent"|0.4|0|0|Non|0|0|0|0|0|4|0|0|0|0|0|2025-11-21|"Rejet FOND LAHAYE"|"Eau douce de surface"|"Mer des Caraïbes"|703830|1618639|14.633484|-61.1075265|Non|"Hors Zone Sensible"|"FR_HZS_00000  "|Non||Non||080000297229|"SC du STEU : FOND LAYAHE"|FRJC002|Nord-Caraibe|"97229 : Schœlcher"|358|1|0.00||N/A||N/A||N/A||||157.2900|0.0000|0.0000|0.0000|0.0000|0.0000|0.0000|0.0000|0.0000|0.0000|0.0000|0.0000|0.0000|0.0000|ODYSSI|"Lot. Dillon Stade 7-9 rue des Arts et Métiers Bâtiment Flore Gaillard BP162"|97202|FORT-DE-FRANCE||ODYSSI|"Lot. Dillon Stade 7-9 rue des Arts et Métiers Bâtiment Flore Gaillard BP162"|97202|FORT-DE-FRANCE|||||N/A|N/A|N/A|"1305:Matières en suspension:Non"|0|0|Non|Non|Oui|Non||N/A||N/A||N/A|||
MARTINIQUE|1|MARTINIQUE|972|"DEAL de Martinique"|"SPE de la Martinique"|080000397230|"TRINITE-QUARTIER BAC"|"La Trinité"|97230|"En activité"|1990|1|1|1|228|"[ 200 ; 2 000 [ EH"|228|1000|Non|Non|N/A|Non|2025-12-01|Séparatif|"Absence de rejets directs temps sec"|0||080000397230|"TRINITE - QUARTIER BAC"|Urbain|1|"En service"|1990-12-31||"Communauté d'Agglomération du Pays Nord Martinique"|"SOCIETE MARTINIQUAISE DES EAUX"|"La Trinité"|97230|721046|1629100|"UTM Nord fuseau 20"|39|14.7266525|-60.9468717|1000|60|0|228|108|"Boue activée faible charge"|"Lits de séchage"|"Arrêté du 21 juillet 2015 relatif à l'assainissement des agglomérations"||"Traitement approprié"|2005-12-31|2025-01-01|||||||Non|"Traitement secondaire"||||Non|"Non valide"|Non|Non|||Non|" "|0|0|0|Non|0|0|1|0|0|0|0|0|0|0|0|2025-12-01|"Rejet Quartier Bac"|"Eau douce de surface"|Martinique|721046|1629100|14.7266525|-60.9468717|Non|"Hors Zone Sensible"|"FR_HZS_00000  "|Non||Non||080000397230|"SC du STEU : Quartier Bac"|||"97230 : La Trinité"|0|0|0.00||N/A||N/A||N/A||||0.5900|0.0000|0.0000|0.0000|0.0000|0.0000|0.0000|0.0000|0.0000|0.0000|0.0000|0.0000|0.0000|0.0000|"Communauté d'Agglomération du Pays Nord Martinique"|" 39 Lotissement la Marie "|97225|MARIGOT||"SOCIETE MARTINIQUAISE DES EAUX"|"   PLACE D ARMES BP 213"|97232|LAMENTIN||Non|||N/A|N/A|N/A|"1305:Matières en suspension:Non"|0|0|Non|Non|N/A|Non||N/A||N/A||N/A|||
MARTINIQUE|1|MARTINIQUE|972|"DEAL de Martinique"|"SPE de la Martinique"|080000297231|"TROIS-ILETS-LA FERME"|"Les Trois-Îlets"|97231|"En activité"|2015|1|1|1|70|"[ 200 ; 2 000 [ EH"|70|200|Oui|Oui|N/A|Oui|2025-12-02|Unitaire|"Absence de rejets directs temps sec"|0||080000297231|"LES TROIS-ILETS - LA FERME"|Urbain|1|"En service"|2000-01-01||"Communauté d'Agglomération de l'Espace Sud de Martinique"|"SOCIETE MARTINIQUAISE DES EAUX"|"Les Trois-Îlets"|97231|711255|1606729|"UTM Nord fuseau 20"|39|14.5252922|-61.0395692|200|12|0|70|30|"Boue activée faible charge"|"Epaississement statique gravitaire"|||"Traitement approprié"|2005-12-31|2000-01-01|||||||Oui|"Traitement secondaire"||||Non|"Non valide"|Oui|Oui|||Oui|" "|0|0|0|Non|0|0|0|0|0|0|0|0|0|0|0|2025-12-02|"REJET PRINCIPAL DE TROIS-ILETS-La Ferme"|"Eau douce de surface"|"MARTINIQUE               "|||||Non|"Hors Zone Sensible"|"FR_HZS_00000  "|Non||Non||S080000297231|"Systeme de collecte - TROIS-ILETS-La Ferme"|FRJC001|"Baie de Genipa"|"97231 : Les Trois-Îlets"|0|0|0.00||N/A||N/A||N/A||||0.0800|0.0000|0.0000|0.0000|0.0000|0.0000|0.0000|0.0000|0.0000|0.0000|0.0000|0.0000|0.0000|0.0000|"Communauté d'Agglomération de l'Espace Sud de Martinique"|" Lotissement Frangipanier "|97228|SAINTE-LUCE||"SOCIETE MARTINIQUAISE DES EAUX"|"   PLACE D ARMES BP 213"|97232|LAMENTIN||Oui|||N/A|N/A|N/A|"1305:Matières en suspension:Oui"|0|0|Oui|Oui|N/A|Oui||N/A||N/A||N/A|||
MARTINIQUE|1|MARTINIQUE|972|"DEAL de Martinique"|"SPE de la Martinique"|080000297232|"VAUCLIN-GRANDE CASE"|"Le Vauclin"|97232|"En activité"|2006|1|1|1|17|"[ 200 ; 2 000 [ EH"|17|200|Oui|Oui|N/A|Oui|2025-12-02|Séparatif|"Absence de rejets directs temps sec"|0||080000297232|"LE VAUCLIN - GRAND CASE"|Urbain|1|"En service"|2006-01-01||"Communauté d'Agglomération de l'Espace Sud de Martinique"|"SOCIETE MARTINIQUAISE DES EAUX"|"Le Vauclin"|97232|729857|1611655|"UTM Nord fuseau 20"|39|14.5682935|-60.8665983|200|12|0|17|20|"Boue activée faible charge"|"Epaississement statique gravitaire"|"Arrêté du 21 juillet 2015 relatif à l'assainissement des agglomérations"||"Traitement approprié"|2005-12-31|2023-12-31|||||||Oui|"Traitement secondaire"||||Non|"Non valide"|Oui|Oui|||Oui|" "|0|0|0|Non|0|0|0|0|0|0|0|0|0|0|0|2025-12-02|"Rejet GRANDE CASE"|"Eau douce de surface"|"Océan Atlantique"|729363|1611800|14.5696454|-60.8711685|Non|"Hors Zone Sensible"|"FR_HZS_00000  "|Non||Non||080000297232|"SC du STEU : GRANDE CASE"|FRJR017|-|"97232 : Le Vauclin"|0|0|0.00||N/A||N/A||N/A||||0.0500|0.0000|0.0000|0.0000|0.0000|0.0000|0.0000|0.0000|0.0000|0.0000|0.0000|0.0000|0.0000|0.0000|"Communauté d'Agglomération de l'Espace Sud de Martinique"|" Lotissement Frangipanier "|97228|SAINTE-LUCE||"SOCIETE MARTINIQUAISE DES EAUX"|"   PLACE D ARMES BP 213"|97232|LAMENTIN||Oui|||N/A|N/A|N/A|"1305:Matières en suspension:Oui"|0|0|Oui|Oui|N/A|Oui||N/A||N/A||N/A|||
MARTINIQUE|4|MARTINIQUE|972|"DEAL de Martinique"|"SPE de la Martinique"|080001897224|"Saint-JosephGONDEAU DOMINANTE"|Saint-Joseph|97224|"En activité"|2023|1|1|1|0|"[ 200 ; 2 000 [ EH"|0|300|Non|Non|N/A|Non|2025-11-19|Unitaire|"Absence de rejets directs temps sec"|0||080001297224|"SAINT-JOSEPH - GONDEAU DOMINANTE"|Privé|4|"En service"|2023-01-01||"SOCIETE OZANAM S.A HABIT LOYER MODERE"|"SOC EAUX ET ASSAINISSEMENT"|Saint-Joseph|97224|711933|1620473|"UTM Nord fuseau 20"|39|14.6494329|-61.0321768|300|18|0|0|0|"Boue activée faible charge"||"Arrêté du 21 juillet 2015 relatif à l'assainissement des agglomérations"||"Traitement approprié"|2005-12-31|2025-01-01|||||||Non|||||Non|"Non valide"|Non|Non|||Non|"Non transmission complète ou incomplète de l'autosurveillance (STEU)"|0|0|0|Non|0|0|0|0|0|0|0|0|0|0|0|2025-11-19|"REJET PRINCIPAL DE Saint-Joseph - GONDEAU DOMINANT"|"Eau douce de surface"|MARTINIQUE|||||Non|"Hors Zone Sensible"|"FR_HZS_00000  "|Non||Non||S080001297224|"Systeme de collecte - Saint-Joseph - GONDEAU DOMINANTE"|||"97224 : Saint-Joseph"|0|0|0.00||N/A||N/A||N/A||||0.0000|0.0000|0.0000|0.0000|0.0000|0.0000|0.0000|0.0000|0.0000|0.0000|0.0000|0.0000|0.0000|0.0000|||||||"BAT F1 VILLAGE DE R.ROCHE 49 LOT ZAC DE RIVIERE ROCHE "|97200|"FORT DE FRANCE"|||||N/A|N/A|N/A|"1305:Matières en suspension:Non"|0|0|Non|Non|N/A|Non||N/A||N/A||N/A|||
MARTINIQUE|4|MARTINIQUE|972|"DEAL de Martinique"|"SPE de la Martinique"|080001097224|"SAINT-JOSEPH-GONDEAU MONTROSE SILM"|Saint-Joseph|97224|"En activité"|2010|1|1|1|0|"[ 200 ; 2 000 [ EH"|0|0|Non|Non|N/A|Non|2025-11-19|Unitaire|"Absence de rejets directs temps sec"|0||080002197224|"SAINT-JOSEPH - DOMINANTE OUEST"|Privé|4|"En service"|2014-01-01||"COMMUNAUTE D AGGLOMERATION DU CENTRE DE LA MARTINIQUE"|ODYSSI|Saint-Joseph|97224|711930|1620475|"UTM Nord fuseau 20"|39|14.6494512|-61.0322045|700|42|0|0|0|"Boue activée faible charge"||||"Traitement approprié"|0000-00-00|2030-01-01|||||||Non|"Traitement approprié"||||Non|"Non valide"|Non|Non|||Non|"Non transmission complète ou incomplète de l'autosurveillance (STEU)"|0|0|0|Non|0|0|0|0|0|0|0|0|0|0|0|2025-11-19|"REJET PRINCIPAL DE SAINT-JOSEPH-Gondeau Montrose S"|"Eau douce de surface"|"MARTINIQUE               "|||||Non|"Hors Zone Sensible"|"FR_HZS_00000  "|Non||Non||S080002197224|"Systeme de collecte - SAINT-JOSEPH-Gondeau Montrose SILM"|||"97224 : Saint-Joseph"|0|0|0.00||N/A||N/A||N/A||||0.0000|0.0000|0.0000|0.0000|0.0000|0.0000|0.0000|0.0000|0.0000|0.0000|0.0000|0.0000|0.0000|0.0000|||||||"Lot. Dillon Stade 7-9 rue des Arts et Métiers Bâtiment Flore Gaillard BP162"|97202|FORT-DE-FRANCE||Non|||N/A|N/A|N/A|"1305:Matières en suspension:Non"|0|0|Non|Non|N/A|Non||N/A||N/A||N/A|||
MARTINIQUE|4|MARTINIQUE|972|"DEAL de Martinique"|"SPE de la Martinique"|080000997224|"SAINT-JOSEPH-LA CHAPPELLE"|Saint-Joseph|97224|"En activité"|2010|1|1|1|0|"[ 200 ; 2 000 [ EH"|0|900|Non|Non|N/A|Non|2025-11-19|Unitaire|"Absence de rejets directs temps sec"|0||080001197224|"SAINT-JOSEPH - LA CHAPELLE"|Privé|4|"En service"|2023-01-18||"SOCIETE OZANAM S.A HABIT LOYER MODERE"|"COTRAM Assainissement"|Saint-Joseph|97224|713370|1623501|"UTM Nord fuseau 20"|39|14.6766809|-61.0185937|900|54|0|0|0|"Filtres Plantés"||||"Traitement approprié"|2005-12-31|2025-01-01|||||||Non|"Traitement secondaire"||||Non|"Non valide"|Non|Non|||Non|"Non transmission complète ou incomplète de l'autosurveillance (STEU)"|0|0|0|Non|0|0|0|0|0|0|0|0|0|0|0|2025-11-19|"REJET PRINCIPAL DE SAINT-JOSEPH-La Chappelle"|"Eau douce de surface"|"MARTINIQUE               "|||||Non|"Hors Zone Sensible"|"FR_HZS_00000  "|Non||Non||S080001197224|"Systeme de collecte - SAINT-JOSEPH-La Chappelle"|||"97224 : Saint-Joseph"|0|0|0.00||N/A||N/A||N/A||||0.0000|0.0000|0.0000|0.0000|0.0000|0.0000|0.0000|0.0000|0.0000|0.0000|0.0000|0.0000|0.0000|0.0000|"SOCIETE OZANAM S.A HABIT LOYER MODERE"|" Route de la Pointe de Jaham "|97233|SCHOELCHER||"SOC EAUX ET ASSAINISSEMENT"|"  PELLETIER"|97232|LAMENTIN|||||N/A|N/A|N/A|"1305:Matières en suspension:Non | 1319:Azote Kjeldahl:Inc"|0|0|Non|Non|N/A|Non||N/A||N/A||N/A|||
MARTINIQUE|4|MARTINIQUE|972|"DEAL de Martinique"|"SPE de la Martinique"|080002197224|"Saint-Joseph - LES BORDS DE L'ETANG"|Saint-Joseph|97224|"En activité"|2023|1|1|1|0|"[ 200 ; 2 000 [ EH"|0|544|Non|Non|N/A|Non|2025-11-19|Unitaire|"Absence de rejets directs temps sec"|0||080001097224|"SAINT-JOSEPH - LES BORDS DE L'ETANG"|Privé|4|"En service"|2023-01-01||"SARL JAMBETTE"|"COTRAM Assainissement"|Saint-Joseph|97224|710988|1620438|"UTM Nord fuseau 20"|39|14.6491907|-61.0409504|544|33|0|0|0|||"Arrêté du 21 juillet 2015 relatif à l'assainissement des agglomérations"||"Traitement approprié"|2005-12-31|2025-01-01|||||||Non|||||Non|"Non valide"|Non|Non|||Non||0|0|0|Non|0|0|0|0|0|0|0|0|0|0|0|2025-11-19|"REJET PRINCIPAL DE Saint-Joseph"|"Eau douce de surface"|MARTINIQUE|||||Non|"Hors Zone Sensible"|"FR_HZS_00000  "|Non||Non||S080001097224|"Systeme de collecte - Saint-Joseph"|||"97224 : Saint-Joseph"|0|0|0.00||N/A||N/A||N/A||||0.0000|0.0000|0.0000|0.0000|0.0000|0.0000|0.0000|0.0000|0.0000|0.0000|0.0000|0.0000|0.0000|0.0000|||||||"  PELLETIER"|97232|LAMENTIN||Non|||N/A|N/A|N/A|"1301:Température de l'Eau:Inc | 1302:Potentiel en Hydrogène (pH):Inc | 1305:Matières en suspension:Non"|0|0|Non|Non|N/A|Non||N/A||N/A||N/A|||
MARTINIQUE|4|MARTINIQUE|972|"DEAL de Martinique"|"SPE de la Martinique"|080001997224|"Saint-Joseph - MONA LISA CHAPELLE 2"|Saint-Joseph|97224|"En activité"|2023|1|1|1|0|"[ 200 ; 2 000 [ EH"|0|250|Non|Non|N/A|Non|2025-11-19|Unitaire|"Absence de rejets directs temps sec"|0||080001497224|"SAINT-JOSEPH - MONA LISA CHAPELLE 2"|Privé|4|"En service"|2023-01-01||SIMAR|"SOC EAUX ET ASSAINISSEMENT"|Saint-Joseph|97224|713146|1624181|"UTM Nord fuseau 20"|39|14.6828431|-61.0206176|250|15|0|0|0|||"Arrêté du 21 juillet 2015 relatif à l'assainissement des agglomérations"||"Traitement approprié"|2005-12-31|2025-01-01|||||||Non|||||Non|"Non valide"|Non|Non|||Non|"Non transmission complète ou incomplète de l'autosurveillance (STEU)"|0|0|0|Non|0|0|0|0|0|0|0|0|0|0|0|2025-11-19|"REJET PRINCIPAL DE Saint-Joseph - Mona Lisa Chapel"|"Eau douce de surface"|MARTINIQUE|||||Non|"Hors Zone Sensible"|"FR_HZS_00000  "|Non||Non||S080001497224|"Systeme de collecte - Saint-Joseph - Mona Lisa Chapelle 2"|||"97224 : Saint-Joseph"|0|0|0.00||N/A||N/A||N/A||||0.0000|0.0000|0.0000|0.0000|0.0000|0.0000|0.0000|0.0000|0.0000|0.0000|0.0000|0.0000|0.0000|0.0000|||||||"BAT F1 VILLAGE DE R.ROCHE 49 LOT ZAC DE RIVIERE ROCHE "|97200|"FORT DE FRANCE"||Non|||N/A|N/A|N/A|"1305:Matières en suspension:Non"|0|0|Non|Non|N/A|Non||N/A||N/A||N/A|||
MARTINIQUE|4|MARTINIQUE|972|"DEAL de Martinique"|"SPE de la Martinique"|080001397224|"Saint-Joseph- POW'ROSE - BELLE ETOILE 2"|Saint-Joseph|97224|"En activité"|2018|1|1|1|0|"[ 200 ; 2 000 [ EH"|0|340|Non|Non|N/A|Non|2025-12-10|Unitaire|"Absence de rejets directs temps sec"|0||080002097224|"SAINT-JOSEPH - POM WOZ"|Privé|4|"En service"|2018-01-01||SIMAR|"COTRAM Assainissement"|Saint-Joseph|97224|712049|1622933|"UTM Nord fuseau 20"|39|14.6716527|-61.0309015|340|20|0|0|0|||"Arrêté du 21 juillet 2015 relatif à l'assainissement des agglomérations"||"Traitement approprié"|2005-12-31|2025-01-01|||||||Non|||||Non|"Non valide"|Non|Non|||Non|"Non transmission complète ou incomplète de l'autosurveillance (STEU)"|0|0|0|Non|0|0|0|0|0|0|0|0|0|0|0|2025-12-10|"REJET PRINCIPAL DE SAINT-JOSEPH"|"Eau douce de surface"|MARTINIQUE|||||Non|"Hors Zone Sensible"|"FR_HZS_00000  "|Non||Non||S0897224XXXXX|"Systeme de collecte - SAINT-JOSEPH"|||"97224 : Saint-Joseph"|0|0|0.00||N/A||N/A||N/A||||0.0000|0.0000|0.0000|0.0000|0.0000|0.0000|0.0000|0.0000|0.0000|0.0000|0.0000|0.0000|0.0000|0.0000|SIMAR|"Petit Paradis BP 7214 "|97274|SCHOELCHER||CAIALI|"  PELLETIER"|97232|LAMENTIN||Non|||N/A|N/A|N/A|"1305:Matières en suspension:Non"|0|0|Non|Non|N/A|Non||N/A||N/A||N/A|||
MARTINIQUE|4|MARTINIQUE|972|"DEAL de Martinique"|"SPE de la Martinique"|080001497224|SAINT-JOSEPH-RAVINE-CHARMEUSE|Saint-Joseph|97224|"En activité"|2021|1|1|1|0|"[ 200 ; 2 000 [ EH"|0|470|Non|Non|N/A|Non|2025-11-19|Unitaire|"Absence de rejets directs temps sec"|0||080003097224|"SAINT-JOSEPH - RAVINE CHARMEUSE"|Privé|4|"En service"|2021-01-01|||"COTRAM Assainissement"|Saint-Joseph|97224|710914|1620985|"UTM Nord fuseau 20"|39|14.6541393|-61.0415933|470|28|0|0|0|Prétraitements|"Filtres plantés (autres)"|"Arrêté du 21 juillet 2015 relatif à l'assainissement des agglomérations"|2018-05-12|"Traitement approprié"|2005-12-31|2024-12-31|||||||Non|"Traitement approprié"||||Oui|Valide|Non|Non|||Non|"Non transmission complète ou incomplète de l'autosurveillance (STEU)"|0|0|0|Non|0|0|0|0|0|0|0|0|0|0|0|2025-11-19|"REJET PRINCIPAL DE SAINT-JOSEPH"|"Eau douce de surface"|MARTINIQUE|||||Non|"Hors Zone Sensible"|"FR_HZS_00000  "|Non||Non||"S 08003097224"|"Systeme de collecte - SAINT-JOSEPH"|||"97224 : Saint-Joseph"|0|0|0.00||N/A||N/A||N/A||||0.0000|0.0000|0.0000|0.0000|0.0000|0.0000|0.0000|0.0000|0.0000|0.0000|0.0000|0.0000|0.0000|0.0000|||||||"  PELLETIER"|97232|LAMENTIN||Non|||N/A|N/A|N/A|"1301:Température de l'Eau:N/A | 1302:Potentiel en Hydrogène (pH):N/A | 1305:Matières en suspension:Non | 1319:Azote Kjeldahl:N/A"|0|0|Non|Non|N/A|Non||N/A||N/A||N/A|||
MARTINIQUE|4|MARTINIQUE|972|"DEAL de Martinique"|"SPE de la Martinique"|080000297225|SAINT-PIERRE-CDST|Saint-Pierre|97225|"En activité"|2010|1|1|1|0|"Taille < 200 EH"|0|150|Non|Oui|N/A|Non|2025-11-19|Unitaire|"Absence de rejets directs temps sec"|0||080000397225|"SAINT-PIERRE - CDST"|Privé|4|"En service"|2002-01-28||"COLLECTIVITE TERRITORIALE DE MARTINIQUE"|"SOC EAUX ET ASSAINISSEMENT"|Saint-Pierre|97225|695970|1632110|"UTM Nord fuseau 20"|39|14.7558013|-61.1794683|150|9|0|0|0|"Boue activée forte charge"||||"Traitement approprié"|0000-00-00|2023-12-31|||||||Non|"Traitement approprié"||||Non|"Non valide"|Inc|Inc|||Oui|" "|0|0|0|Non|0|0|0|0|0|0|0|0|0|0|0|2025-11-19|"REJET PRINCIPAL DE SAINT-PIERRE-CDST"|"Eau douce de surface"|"MARTINIQUE               "|695970|1632110|14.7558013|-61.1794683|Non|"Hors Zone Sensible"|"FR_HZS_00000  "|Non||Non||S080000397225|"Systeme de collecte - SAINT-PIERRE-CDST"|FRJC002|Nord-Caraibe|"97225 : Saint-Pierre"|0|0|0.00||N/A||N/A||N/A||||0.0000|0.0000|0.0000|0.0000|0.0000|0.0000|0.0000|0.0000|0.0000|0.0000|0.0000|0.0000|0.0000|0.0000|"COLLECTIVITE TERRITORIALE DE MARTINIQUE"|"Hôtel de région Rue Gaston-Defferre  Cluny CS 30137 - BP 601"|97201|"Fort-de-France Cedex"||"SOC EAUX ET ASSAINISSEMENT"|"BAT F1 VILLAGE DE R.ROCHE 49 LOT ZAC DE RIVIERE ROCHE "|97200|"FORT DE FRANCE"||Inc|||N/A|N/A|N/A|"1305:Matières en suspension:Inc"|0|0|Non|Oui|N/A|Non||N/A||N/A||N/A|||
MARTINIQUE|4|MARTINIQUE|972|"DEAL de Martinique"|"SPE de la Martinique"|080000497225|"SAINT-PIERRE-LEP ST JAMES"|Saint-Pierre|97225|"En activité"|2000|1|1|1|0|"[ 200 ; 2 000 [ EH"|0|500|Non|Non|N/A|Non|2025-11-19|Unitaire|"Absence de rejets directs temps sec"|0||080000297225|"SAINT-PIERRE - LEP SAINT-JAMES"|Privé|4|"En service"|2000-04-23||"COLLECTIVITE TERRITORIALE DE MARTINIQUE"|"SOGEA MARTINIQUE"|Saint-Pierre|97225|697039|1631044|"UTM Nord fuseau 20"|39|14.7460897|-61.1696216|500|30|0|0|0|"Boue activée faible charge"||||"Traitement approprié"|2005-12-31|2025-01-01|||||||Non|"Traitement secondaire"||||Non|"Non valide"|Non|Non|||Non|"Non transmission complète ou incomplète de l'autosurveillance (STEU)"|0|0|0|Non|0|0|0|0|0|0|0|0|0|0|0|2025-11-19|"REJET PRINCIPAL DE SAINT-PIERRE-LEP St James"|"Eau douce de surface"|MARTINIQUE|697034|1631031|14.7459726|-61.169669|Non|"Hors Zone Sensible"|"FR_HZS_00000  "|Non||Non||S080000297225|"Systeme de collecte - SAINT-PIERRE-LEP St James"|FRJC002|Nord-Caraibe|"97225 : Saint-Pierre"|0|0|0.00||N/A||N/A||N/A||||0.0000|0.0000|0.0000|0.0000|0.0000|0.0000|0.0000|0.0000|0.0000|0.0000|0.0000|0.0000|0.0000|0.0000|"COLLECTIVITE TERRITORIALE DE MARTINIQUE"|"Hôtel de région Rue Gaston-Defferre  Cluny CS 30137 - BP 601"|97201|"Fort-de-France Cedex"||"SOGEA MARTINIQUE"|"CS 40485 206  AV MAURICE BISHOP "|97200|"FORT DE FRANCE"||Non|||N/A|N/A|N/A|"1305:Matières en suspension:Non"|0|0|Non|Non|N/A|Non||N/A||N/A||N/A|||
MARTINIQUE|4|MARTINIQUE|972|"DEAL de Martinique"|"SPE de la Martinique"|080000397225|"SAINT-PIERRE-MANFÉNIL LLS HABITATION BEA"|Saint-Pierre|97225|"En activité"|2015|1|1|1|0|"[ 200 ; 2 000 [ EH"|0|650|Non|Non|N/A|Non|2025-12-18|Unitaire|"Absence de rejets directs temps sec"|0||080000797225|"SAINT-PIERRE - MANSFENIL"|Privé|4|"En service"|2015-01-01||SIMAR|"COTRAM Assainissement"|Saint-Pierre|97225|695683|1632746|"UTM Nord fuseau 20"|39|14.7615697|-61.1820857|650|39|0|0|0|"Boue activée faible charge"|"Epaississement statique gravitaire"|"Arrêté du 22 juin 2007 relatif à l'assainissement des agglomérations"||"Traitement approprié"|2005-12-31|2025-01-01|||||||Non|"Traitement approprié"||||Non|"Non valide"|Non|Non|||Non|"Non transmission complète ou incomplète de l'autosurveillance (STEU)"|0|0|0|Non|0|0|0|0|0|0|0|0|0|0|0|2025-12-18|"REJET PRINCIPAL DE SAINT-PIERRE-Manfénil"|"Eau douce de surface"|"MARTINIQUE               "|695531|1632781|14.7618971|-61.1834947|Non|"Hors Zone Sensible"|"FR_HZS_00000  "|Non||Non||080000797225|"Systeme de collecte - SAINT-PIERRE-Manfénil"|FRJG203|"Domaine Nord Caraïbe"|"97225 : Saint-Pierre"|0|0|0.00||N/A||N/A||N/A||||0.0000|0.0000|0.0000|0.0000|0.0000|0.0000|0.0000|0.0000|0.0000|0.0000|0.0000|0.0000|0.0000|0.0000|SIMAR|"Petit Paradis BP 7214 "|97274|SCHOELCHER||CAIALI|"  PELLETIER"|97232|LAMENTIN||Non|||N/A|N/A|N/A|"1305:Matières en suspension:Non"|0|0|Non|Non|N/A|Non||N/A||N/A||N/A|||
MARTINIQUE|4|MARTINIQUE|972|"DEAL de Martinique"|"SPE de la Martinique"|080000597225|"Saint-Pierre - RESIDENCE LA CALDEIRA ST "|Saint-Pierre|97225|"En activité"|2023|1|1|1|109|"[ 200 ; 2 000 [ EH"|109|270|Oui|Non|N/A|Non|2025-11-19|Unitaire|"Absence de rejets directs temps sec"|0||080000697225|"SAINT-PIERRE - RESIDENCE LA CALDEIRA SAINT JAMES"|Privé|4|"En service"|2023-01-01||"SOCIETE OZANAM S.A HABIT LOYER MODERE"|"SOC EAUX ET ASSAINISSEMENT"|Saint-Pierre|97225|696911|1631033|"UTM Nord fuseau 20"|39|14.7459997|-61.170811|270|16|0|109|34|||"Arrêté du 21 juillet 2015 relatif à l'assainissement des agglomérations"||"Traitement approprié"|2005-12-31||||||||Oui|||||Non|"Non valide"|Non|Non|||Non|"Non transmission complète ou incomplète de l'autosurveillance (STEU)"|0|0|0|Non|0|0|0|0|0|1|0|0|0|0|0|2025-11-19|"REJET PRINCIPAL DE Saint-Pierre - RESIDENCE LA CAL"|"Eau douce de surface"|MARTINIQUE|||||Non|"Hors Zone Sensible"|"FR_HZS_00000  "|Non||Non||S080000697225|"Systeme de collecte - Saint-Pierre - RESIDENCE LA CALDEIRA S"|||"97225 : Saint-Pierre"|0|0|0.00||Inc||Inc||Inc||||0.0900|0.0000|0.0000|0.0000|0.0000|0.0000|0.0000|0.0000|0.0000|0.0000|0.0000|0.0000|0.0000|0.0000|||||||"BAT F1 VILLAGE DE R.ROCHE 49 LOT ZAC DE RIVIERE ROCHE "|97200|"FORT DE FRANCE"||Non|||Inc|Inc|Inc|"1301:Température de l'Eau:Inc | 1302:Potentiel en Hydrogène (pH):Inc | 1305:Matières en suspension:Non"|||Oui|Non|N/A|Non||Inc||Inc||Inc|||
MARTINIQUE|4|MARTINIQUE|972|"DEAL de Martinique"|"SPE de la Martinique"|080000497230|"TRINITE-LA VALÉRIANNE"|"La Trinité"|97230|"En activité"|2000|1|1|1|0|"Taille < 200 EH"|0|110|Non|Oui|N/A|Non|2025-11-19|Unitaire|"Absence de rejets directs temps sec"|0||080001097230|"TRINITE - VALERIANNE"|Privé|4|"En service"|2000-01-01||"FONDATION PARTAGE ET VIE"|"SOC EAUX ET ASSAINISSEMENT"|"La Trinité"|97230|718103|1631060|"UTM Nord fuseau 20"|39|14.7446033|-60.974031|110|7|0|0|0|"Boue activée moyenne charge"||||"Traitement approprié"|0000-00-00|2023-12-31|||||||Non|"Traitement approprié"||||Non|"Non valide"|Inc|Inc|||Oui|" "|0|0|0|Non|0|0|0|0|0|0|0|0|0|0|0|2025-11-19|"REJET PRINCIPAL DE TRINITE"|"Eau douce de surface"|"MARTINIQUE               "|718075|1631089|14.7448676|-60.9742885|Non|"Hors Zone Sensible"|"FR_HZS_00000  "|Non||Non||S080001097230|"Systeme de collecte - TRINITE"|FRJC012|"Baie de La Trinite"|"97230 : La Trinité"|0|0|0.00||N/A||N/A||N/A||||0.0000|0.0000|0.0000|0.0000|0.0000|0.0000|0.0000|0.0000|0.0000|0.0000|0.0000|0.0000|0.0000|0.0000|"FONDATION PARTAGE ET VIE"|"CSSR LA VALERIANE HABITATION SAINT JOSEPH "|97220|TRINITE|||"BAT F1 VILLAGE DE R.ROCHE 49 LOT ZAC DE RIVIERE ROCHE "|97200|"FORT DE FRANCE"||Inc|||N/A|N/A|N/A|"1305:Matières en suspension:Inc"|0|0|Non|Oui|N/A|Non||N/A||N/A||N/A|||
